# Average vowel formants for a male voice (Hz), cardinal / IPA monophthongs.
# Source: table reproduced in the Wikipedia article "Formant"
#   https://en.wikipedia.org/wiki/Formant  (fetched 2026-08-01)
# Wikipedia cites: Catford, John Cunnison (2001). A Practical Introduction to
#   Phonetics (2nd ed.). Oxford University Press, p. 154. ISBN 0-19-924635-1.
# Only F1 and F2 are given by the source. No F3-F5, no bandwidths, no F0.
ipa,f1_hz,f2_hz
i,240,2400
y,235,2100
e,390,2300
ø,370,1900
ɛ,610,1900
œ,585,1710
a,850,1610
ɶ,820,1530
ɑ,750,940
ɒ,700,760
ʌ,600,1170
ɔ,500,700
ɤ,460,1310
o,360,640
ɯ,300,1390
u,250,595
