voice,vowel_label,formant,freq_hz,amp_db,bw_hz
soprano,a,f1,800,0,80
soprano,a,f2,1150,-6,90
soprano,a,f3,2900,-32,120
soprano,a,f4,3900,-20,130
soprano,a,f5,4950,-50,140
soprano,e,f1,350,0,60
soprano,e,f2,2000,-20,100
soprano,e,f3,2800,-15,120
soprano,e,f4,3600,-40,150
soprano,e,f5,4950,-56,200
soprano,i,f1,270,0,60
soprano,i,f2,2140,-12,90
soprano,i,f3,2950,-26,100
soprano,i,f4,3900,-26,120
soprano,i,f5,4950,-44,120
soprano,o,f1,450,0,70
soprano,o,f2,800,-11,80
soprano,o,f3,2830,-22,100
soprano,o,f4,3800,-22,130
soprano,o,f5,4950,-50,135
soprano,u,f1,325,0,50
soprano,u,f2,700,-16,60
soprano,u,f3,2700,-35,170
soprano,u,f4,3800,-40,180
soprano,u,f5,4950,-60,200
alto,a,f1,800,0,80
alto,a,f2,1150,-4,90
alto,a,f3,2800,-20,120
alto,a,f4,3500,-36,130
alto,a,f5,4950,-60,140
alto,e,f1,400,0,60
alto,e,f2,1600,-24,80
alto,e,f3,2700,-30,120
alto,e,f4,3300,-35,150
alto,e,f5,4950,-60,200
alto,i,f1,350,0,50
alto,i,f2,1700,-20,100
alto,i,f3,2700,-30,120
alto,i,f4,3700,-36,150
alto,i,f5,4950,-60,200
alto,o,f1,450,0,70
alto,o,f2,800,-9,80
alto,o,f3,2830,-16,100
alto,o,f4,3500,-28,130
alto,o,f5,4950,-55,135
alto,u,f1,325,0,50
alto,u,f2,700,-12,60
alto,u,f3,2530,-30,170
alto,u,f4,3500,-40,180
alto,u,f5,4950,-64,200
countertenor,a,f1,660,0,80
countertenor,a,f2,1120,-6,90
countertenor,a,f3,2750,-23,120
countertenor,a,f4,3000,-24,130
countertenor,a,f5,3350,-38,140
countertenor,e,f1,440,0,70
countertenor,e,f2,1800,-14,80
countertenor,e,f3,2700,-18,100
countertenor,e,f4,3000,-20,120
countertenor,e,f5,3300,-20,120
countertenor,i,f1,270,0,40
countertenor,i,f2,1850,-24,90
countertenor,i,f3,2900,-24,100
countertenor,i,f4,3350,-36,120
countertenor,i,f5,3590,-36,120
countertenor,o,f1,430,0,40
countertenor,o,f2,820,-10,80
countertenor,o,f3,2700,-26,100
countertenor,o,f4,3000,-22,120
countertenor,o,f5,3300,-34,120
countertenor,u,f1,370,0,40
countertenor,u,f2,630,-20,60
countertenor,u,f3,2750,-23,100
countertenor,u,f4,3000,-30,120
countertenor,u,f5,3400,-34,120
tenor,a,f1,650,0,80
tenor,a,f2,1080,-6,90
tenor,a,f3,2650,-7,120
tenor,a,f4,2900,-8,130
tenor,a,f5,3250,-22,140
tenor,e,f1,400,0,70
tenor,e,f2,1700,-14,80
tenor,e,f3,2600,-12,100
tenor,e,f4,3200,-14,120
tenor,e,f5,3580,-20,120
tenor,i,f1,290,0,40
tenor,i,f2,1870,-15,90
tenor,i,f3,2800,-18,100
tenor,i,f4,3250,-20,120
tenor,i,f5,3540,-30,120
tenor,o,f1,400,0,40
tenor,o,f2,800,-10,80
tenor,o,f3,2600,-12,100
tenor,o,f4,2800,-12,120
tenor,o,f5,3000,-26,120
tenor,u,f1,350,0,40
tenor,u,f2,600,-20,60
tenor,u,f3,2700,-17,100
tenor,u,f4,2900,-14,120
tenor,u,f5,3300,-26,120
bass,a,f1,600,0,60
bass,a,f2,1040,-7,70
bass,a,f3,2250,-9,110
bass,a,f4,2450,-9,120
bass,a,f5,2750,-20,130
bass,e,f1,400,0,40
bass,e,f2,1620,-12,80
bass,e,f3,2400,-9,100
bass,e,f4,2800,-12,120
bass,e,f5,3100,-18,120
bass,i,f1,250,0,60
bass,i,f2,1750,-30,90
bass,i,f3,2600,-16,100
bass,i,f4,3050,-22,120
bass,i,f5,3340,-28,120
bass,o,f1,400,0,40
bass,o,f2,750,-11,80
bass,o,f3,2400,-21,100
bass,o,f4,2600,-20,120
bass,o,f5,2900,-40,120
bass,u,f1,350,0,40
bass,u,f2,600,-20,80
bass,u,f3,2400,-32,100
bass,u,f4,2675,-28,120
bass,u,f5,2950,-36,120
