speaker_group,vowel_code,n,f0_mean,f1_mean,f2_mean,f3_mean,f4_mean,n_f4_measured
b,ae,27,227,704,2472,3206,4411,18
b,ah,27,234,959,1650,2882,4287,23
b,aw,27,230,794,1251,2866,3969,25
b,eh,27,231,727,2225,3228,4611,22
b,ei,27,236,563,2608,3286,4434,22
b,er,27,236,567,1710,2078,3699,23
b,ih,27,239,518,2498,3335,4552,23
b,iy,27,246,444,3028,3612,4545,24
b,oa,27,236,606,1136,2935,4151,26
b,oo,27,239,567,1451,2998,4286,26
b,uh,27,232,714,1483,3067,4338,24
b,uw,27,247,493,1327,2948,4210,26
g,ae,19,233,738,2532,3411,4474,7
g,ah,19,227,1039,1740,3015,4265,14
g,aw,19,235,897,1378,3067,4089,17
g,eh,19,229,758,2355,3395,4710,15
g,ei,19,240,567,2707,3376,4397,14
g,er,19,239,614,1736,2264,3915,18
g,ih,19,242,506,2640,3513,4593,16
g,iy,19,246,464,3159,3808,4607,19
g,oa,19,242,589,1145,3106,4241,17
g,oo,19,246,575,1583,3187,4333,17
g,uh,19,236,772,1614,3210,4249,17
g,uw,19,246,492,1510,3052,4352,18
m,ae,45,126,591,1930,2595,3642,33
m,ah,45,127,756,1309,2535,3684,32
m,aw,45,125,656,1023,2521,3520,40
m,eh,45,127,588,1803,2604,3699,38
m,ei,45,129,476,2090,2692,3649,39
m,er,45,131,475,1379,1711,3335,42
m,ih,45,136,429,2034,2687,3628,37
m,iy,45,139,343,2323,3001,3658,36
m,oa,45,130,498,910,2459,3384,36
m,oo,45,133,469,1123,2435,3401,38
m,uh,45,129,621,1181,2548,3564,38
m,uw,45,144,380,992,2355,3378,37
w,ae,48,214,676,2335,2973,4315,37
w,ah,48,212,921,1526,2832,4291,41
w,aw,48,214,804,1188,2824,3946,40
w,eh,48,213,727,2063,2953,4312,39
w,ei,48,220,535,2526,3050,4308,38
w,er,48,218,524,1588,1930,3914,43
w,ih,48,225,484,2369,3057,4333,46
w,iy,48,227,437,2761,3373,4353,45
w,oa,48,218,555,1036,2828,3928,41
w,oo,48,230,519,1229,2829,4061,45
w,uh,48,218,760,1416,2901,4133,46
w,uw,48,236,460,1106,2735,4116,47
