speaker_group,vowel_xsampa,n,f0_mean,f1_mean,f2_mean,f3_mean
c,3',30,264,569,1806,2194
c,A,30,258,1030,1383,3188
c,E,30,259,700,2616,3564
c,I,30,270,534,2744,3604
c,O,30,259,694,1064,3263
c,U,30,273,560,1402,3332
c,V,30,263,855,1592,3328
c,i,30,270,360,3178,3763
c,u,30,278,432,1193,3250
c,{,30,248,1017,2334,3366
m,3',66,133,489,1360,1709
m,A,66,124,718,1091,2442
m,E,66,128,526,1854,2481
m,I,66,136,392,1993,2569
m,O,66,127,568,836,2403
m,U,66,136,437,1023,2245
m,V,66,129,631,1192,2377
m,i,66,136,267,2294,2937
m,u,66,139,307,876,2239
m,{,66,125,664,1727,2420
w,3',56,219,503,1641,1977
w,A,56,212,864,1229,2783
w,E,56,220,608,2334,2999
w,I,56,232,441,2474,3063
w,O,56,217,587,915,2736
w,U,56,234,469,1162,2685
w,V,56,223,758,1409,2768
w,i,56,231,310,2783,3312
w,u,56,235,378,961,2666
w,{,56,208,863,2049,2832
