type,speaker,vowel,dur,f0,f1,f2,f3
b,1.0,{,257,238,630,2423.0,3166.0
b,1.0,A,212,241,831,1676.0,2602.0
b,1.0,O,242,247,725,1384.0,2642.0
b,1.0,E,184,214,713,2095.0,3129.0
b,1.0,e,222,230,534,2690.0,3335.0
b,1.0,3',227,240,608,1733.0,2159.0
b,1.0,I,197,263,551,2393.0,3324.0
b,1.0,i,237,277,554,3022.0,3541.0
b,1.0,o,267,250,693,1235.0,2850.0
b,1.0,U,184,247,553,1495.0,2868.0
b,1.0,V,205,237,632,1573.0,2913.0
b,1.0,u,253,246,502,1540.0,3176.0
b,2.0,{,359,286,829,2495.0,3218.0
b,2.0,A,328,276,1020,1555.0,2742.0
b,2.0,O,327,263,802,1287.0,2729.0
b,2.0,E,195,284,674,2196.0,3047.0
b,2.0,e,324,277,556,2482.0,3428.0
b,2.0,3',395,283,560,1687.0,1990.0
b,2.0,I,239,289,563,2608.0,3476.0
b,2.0,i,317,287,344,3193.0,3579.0
b,2.0,o,336,258,557,1106.0,2808.0
b,2.0,U,253,292,570,1148.0,2947.0
b,2.0,V,161,269,731,1550.0,3363.0
b,2.0,u,327,287,559,1312.0,2870.0
b,3.0,{,335,214,631,2801.0,3508.0
b,3.0,A,298,214,982,1823.0,2865.0
b,3.0,O,334,207,805,1299.0,2582.0
b,3.0,E,260,191,735,2315.0,3286.0
b,3.0,e,286,201,608,2836.0,3599.0
b,3.0,3',280,199,622,1837.0,2114.0
b,3.0,I,284,228,571,2689.0,3572.0
b,3.0,i,277,219,441,3081.0,3975.0
b,3.0,o,310,211,624,1456.0,2933.0
b,3.0,U,247,200,574,1808.0,2985.0
b,3.0,V,226,210,823,1655.0,2926.0
b,3.0,u,304,194,506,2378.0,2991.0
b,4.0,{,398,239,712,2608.0,3247.0
b,4.0,A,357,250,932,1874.0,2994.0
b,4.0,O,304,244,817,1329.0,2965.0
b,4.0,E,364,245,735,2448.0,3359.0
b,4.0,e,323,252,574,2490.0,3189.0
b,4.0,3',386,230,580,1990.0,2245.0
b,4.0,I,268,249,513,2447.0,3454.0
b,4.0,i,318,260,509,2873.0,3475.0
b,4.0,o,322,250,685,1128.0,3181.0
b,4.0,U,343,251,558,1742.0,3271.0
b,4.0,V,293,241,756,1672.0,3183.0
b,4.0,u,292,258,503,1104.0,3346.0
b,5.0,{,267,200,748,2589.0,3042.0
b,5.0,A,270,227,1052,1659.0,3433.0
b,5.0,O,236,199,780,1236.0,3360.0
b,5.0,E,207,219,787,2176.0,3307.0
b,5.0,e,247,215,611,2761.0,3269.0
b,5.0,3',228,224,573,1562.0,2227.0
b,5.0,I,209,226,479,2449.0,3200.0
b,5.0,i,242,244,475,3203.0,3801.0
b,5.0,o,247,197,589,1050.0,3083.0
b,5.0,U,197,218,543,1473.0,3166.0
b,5.0,V,150,217,637,1424.0,3328.0
b,5.0,u,260,240,481,1226.0,3131.0
b,6.0,{,323,262,769,2203.0,3126.0
b,6.0,A,294,308,881,1543.0,3076.0
b,6.0,O,378,301,891,1383.0,3039.0
b,6.0,E,272,297,867,2054.0,3227.0
b,6.0,e,361,320,629,2663.0,3132.0
b,6.0,3',375,294,612,1645.0,2306.0
b,6.0,I,268,296,590,2354.0,3416.0
b,6.0,i,310,307,488,3063.0,4430.0
b,6.0,o,311,315,641,1243.0,3443.0
b,6.0,U,281,305,624,1513.0,3061.0
b,6.0,V,310,289,822,1489.0,3281.0
b,6.0,u,303,330,609,1658.0,2644.0
b,7.0,{,316,216,870,2281.0,3077.0
b,7.0,A,340,202,762,1604.0,2991.0
b,7.0,O,353,207,610,993.0,2946.0
b,7.0,E,135,205,605,2445.0,3265.0
b,7.0,e,285,223,606,2396.0,3015.0
b,7.0,3',261,208,477,1809.0,2039.0
b,7.0,I,205,215,447,2784.0,3287.0
b,7.0,i,241,220,434,3127.0,3566.0
b,7.0,o,341,248,554,896.0,2870.0
b,7.0,U,200,218,469,1097.0,2801.0
b,7.0,V,242,201,667,1442.0,2882.0
b,7.0,u,262,228,440,1124.0,3117.0
b,8.0,{,245,220,709,2565.0,3526.0
b,8.0,A,285,230,987,1610.0,3010.0
b,8.0,O,313,238,845,1111.0,3049.0
b,8.0,E,193,238,699,2202.0,3393.0
b,8.0,e,258,235,555,2377.0,3123.0
b,8.0,3',262,241,505,1691.0,2074.0
b,8.0,I,232,239,536,2319.0,3351.0
b,8.0,i,296,251,501,2760.0,3262.0
b,8.0,o,210,237,516,1181.0,3079.0
b,8.0,U,222,237,615,1345.0,3346.0
b,8.0,V,228,233,695,1423.0,3210.0
b,8.0,u,211,255,503,1119.0,3100.0
b,9.0,{,396,205,634,2555.0,3121.0
b,9.0,A,413,209,1123,1640.0,2684.0
b,9.0,O,316,208,695,1288.0,3014.0
b,9.0,E,234,218,646,2435.0,3262.0
b,9.0,e,314,197,580,2754.0,3405.0
b,9.0,3',326,220,620,1823.0,2188.0
b,9.0,I,263,209,529,2649.0,3280.0
b,9.0,i,266,222,424,3198.0,3818.0
b,9.0,o,316,209,623,1241.0,2770.0
b,9.0,U,259,214,613,1561.0,2856.0
b,9.0,V,248,203,612,1432.0,3046.0
b,9.0,u,275,215,463,1676.0,2976.0
b,10.0,{,298,209,630,2509.0,3112.0
b,10.0,A,282,203,832,1602.0,2551.0
b,10.0,O,331,194,761,1310.0,2801.0
b,10.0,E,282,214,794,2066.0,3160.0
b,10.0,e,309,210,571,2586.0,3293.0
b,10.0,3',322,211,586,1681.0,2069.0
b,10.0,I,227,197,522,2387.0,3297.0
b,10.0,i,254,207,429,2984.0,3348.0
b,10.0,o,270,198,591,1168.0,2769.0
b,10.0,U,271,213,593,1507.0,2997.0
b,10.0,V,266,213,699,1454.0,2765.0
b,10.0,u,246,197,430,1448.0,2896.0
b,11.0,{,415,252,736,2505.0,3332.0
b,11.0,A,425,258,968,1808.0,3600.0
b,11.0,O,369,251,985,1630.0,2989.0
b,11.0,E,363,249,742,2355.0,3514.0
b,11.0,e,357,260,554,2620.0,3604.0
b,11.0,3',366,263,523,1874.0,2284.0
b,11.0,I,305,262,548,2592.0,3485.0
b,11.0,i,349,262,516,3126.0,3621.0
b,11.0,o,403,261,716,1206.0,2864.0
b,11.0,U,325,268,588,1578.0,3113.0
b,11.0,V,298,254,762,1721.0,3234.0
b,11.0,u,313,258,503,1255.0,3105.0
b,12.0,{,281,216,634,2535.0,3260.0
b,12.0,A,273,211,933,1694.0,2860.0
b,12.0,O,322,210,875,1402.0,2830.0
b,12.0,E,258,227,640,2244.0,3086.0
b,12.0,e,280,242,532,2673.0,3363.0
b,12.0,3',255,193,574,1751.0,2078.0
b,12.0,I,253,223,491,2409.0,3166.0
b,12.0,i,234,239,476,2772.0,3371.0
b,12.0,o,259,218,586,1217.0,3041.0
b,12.0,U,244,227,626,1578.0,2786.0
b,12.0,V,250,211,639,1454.0,3098.0
b,12.0,u,233,209,435,1312.0,2715.0
b,13.0,{,314,198,697,2418.0,3371.0
b,13.0,A,263,201,998,1560.0,2745.0
b,13.0,O,243,206,950,1246.0,2853.0
b,13.0,E,168,200,806,2172.0,3430.0
b,13.0,e,260,203,436,2658.0,3519.0
b,13.0,3',283,213,619,1498.0,1696.0
b,13.0,I,177,221,470,2505.0,3377.0
b,13.0,i,327,203,421,3337.0,3578.0
b,13.0,o,263,203,623,1044.0,3142.0
b,13.0,U,179,212,494,1245.0,3037.0
b,13.0,V,215,210,697,1305.0,3167.0
b,13.0,u,263,206,418,940.0,2567.0
b,14.0,{,382,272,607,2620.0,3350.0
b,14.0,A,340,287,871,2042.0,3410.0
b,14.0,O,312,258,750,1251.0,3003.0
b,14.0,E,312,279,734,2242.0,3601.0
b,14.0,e,382,262,558,2643.0,3216.0
b,14.0,3',371,281,562,1682.0,1981.0
b,14.0,I,255,287,564,2515.0,3537.0
b,14.0,i,329,259,446,3011.0,3587.0
b,14.0,o,394,282,562,1051.0,3094.0
b,14.0,U,329,291,570,1423.0,3457.0
b,14.0,V,307,280,654,1517.0,3466.0
b,14.0,u,324,282,548,1123.0,3152.0
b,15.0,{,367,187,753,2227.0,3064.0
b,15.0,A,364,187,859,1608.0,2789.0
b,15.0,O,367,201,819,1074.0,2918.0
b,15.0,E,291,202,616,2356.0,3200.0
b,15.0,e,346,193,564,2523.0,3286.0
b,15.0,3',334,200,591,1626.0,2051.0
b,15.0,I,290,198,562,2549.0,3101.0
b,15.0,i,324,207,428,3070.0,3604.0
b,15.0,o,315,217,588,1063.0,3228.0
b,15.0,U,261,202,615,1397.0,3109.0
b,15.0,V,300,183,739,1411.0,3122.0
b,15.0,u,274,241,491,1467.0,2936.0
b,16.0,{,352,246,726,2231.0,2932.0
b,16.0,A,327,245,898,1544.0,2862.0
b,16.0,O,315,264,744,1093.0,2898.0
b,16.0,E,189,241,749,1869.0,3107.0
b,16.0,e,245,250,499,2356.0,2983.0
b,16.0,3',304,247,556,1741.0,2245.0
b,16.0,I,276,252,499,2230.0,3249.0
b,16.0,i,331,259,493,2811.0,3481.0
b,16.0,o,290,269,581,1115.0,2924.0
b,16.0,U,247,263,508,1245.0,2885.0
b,16.0,V,239,257,696,1297.0,2881.0
b,16.0,u,228,262,505,1296.0,2619.0
b,17.0,{,307,249,741,2444.0,3043.0
b,17.0,A,281,254,1010,1705.0,2753.0
b,17.0,O,269,249,808,1467.0,2997.0
b,17.0,E,195,241,710,1993.0,3268.0
b,17.0,e,265,257,621,2476.0,3195.0
b,17.0,3',304,272,559,1828.0,2163.0
b,17.0,I,196,264,535,2190.0,2998.0
b,17.0,i,269,285,504,2803.0,3130.0
b,17.0,o,260,257,613,1236.0,2766.0
b,17.0,U,189,236,563,1585.0,2841.0
b,17.0,V,233,266,780,1428.0,3070.0
b,17.0,u,269,278,548,1377.0,2702.0
b,18.0,{,312,209,674,2663.0,3243.0
b,18.0,A,292,218,951,1982.0,2807.0
b,18.0,O,294,222,820,1356.0,2700.0
b,18.0,E,227,203,632,2431.0,3091.0
b,18.0,e,285,222,652,2661.0,3448.0
b,18.0,3',278,217,571,1984.0,2206.0
b,18.0,I,263,212,520,2695.0,3373.0
b,18.0,i,288,228,442,3135.0,3610.0
b,18.0,o,335,185,548,1062.0,2926.0
b,18.0,U,294,252,578,1574.0,3026.0
b,18.0,V,241,235,754,1742.0,3002.0
b,18.0,u,270,281,550,1114.0,3012.0
b,19.0,{,352,205,769,2234.0,2910.0
b,19.0,A,363,226,1010,1604.0,2588.0
b,19.0,O,376,240,831,1193.0,2566.0
b,19.0,E,274,204,642,2015.0,2916.0
b,19.0,e,465,232,463,2745.0,3155.0
b,19.0,3',378,247,495,1555.0,1948.0
b,19.0,I,300,257,506,2432.0,3008.0
b,19.0,i,398,247,427,2952.0,3556.0
b,19.0,o,397,243,584,936.0,2679.0
b,19.0,U,270,221,531,1540.0,2931.0
b,19.0,V,254,212,632,1352.0,2740.0
b,19.0,u,320,260,504,997.0,2826.0
b,20.0,{,256,229,678,2524.0,3418.0
b,20.0,A,350,263,854,1518.0,2988.0
b,20.0,O,384,249,746,1309.0,2957.0
b,20.0,E,212,242,699,2169.0,3243.0
b,20.0,e,322,250,558,2559.0,3311.0
b,20.0,3',336,259,678,1594.0,2048.0
b,20.0,I,187,231,489,2544.0,3720.0
b,20.0,i,325,260,475,2916.0,3399.0
b,20.0,o,370,257,588,1117.0,2848.0
b,20.0,U,232,237,627,1703.0,2883.0
b,20.0,V,296,255,746,1552.0,3044.0
b,20.0,u,243,256,504,1515.0,2952.0
b,21.0,{,346,267,809,2592.0,3331.0
b,21.0,A,292,277,1119,1588.0,3010.0
b,21.0,O,313,268,765,1067.0,3266.0
b,21.0,E,238,270,1057,2426.0,3441.0
b,21.0,e,336,271,586,2720.0,3446.0
b,21.0,3',332,246,614,1867.0,2435.0
b,21.0,I,205,276,559,2753.0,3502.0
b,21.0,i,277,293,366,3207.0,3722.0
b,21.0,o,314,274,557,1065.0,3040.0
b,21.0,U,206,277,561,1627.0,3037.0
b,21.0,V,219,282,863,1566.0,3134.0
b,21.0,u,251,283,557,1288.0,3111.0
b,22.0,{,216,206,545,2690.0,2959.0
b,22.0,A,238,228,1205,1605.0,2708.0
b,22.0,O,196,203,770,1010.0,2411.0
b,22.0,E,165,212,744,2227.0,2966.0
b,22.0,e,199,212,613,2593.0,3103.0
b,22.0,3',270,248,568,1512.0,1783.0
b,22.0,I,137,229,447,2645.0,3302.0
b,22.0,i,205,213,424,3199.0,3815.0
b,22.0,o,216,212,615,1093.0,2691.0
b,22.0,U,169,237,493,1248.0,2751.0
b,22.0,V,158,213,685,1485.0,2679.0
b,22.0,u,214,221,438,1336.0,3117.0
b,23.0,{,284,223,669,2440.0,2915.0
b,23.0,A,295,220,872,1565.0,2531.0
b,23.0,O,340,213,839,1240.0,2636.0
b,23.0,E,215,232,692,2354.0,3179.0
b,23.0,e,294,219,441,2585.0,3014.0
b,23.0,3',277,227,488,1584.0,1810.0
b,23.0,I,249,212,479,2492.0,3187.0
b,23.0,i,309,239,382,2987.0,3320.0
b,23.0,o,292,223,625,1100.0,2747.0
b,23.0,U,254,238,512,1260.0,2826.0
b,23.0,V,223,220,688,1251.0,2795.0
b,23.0,u,286,219,436,1170.0,2661.0
b,24.0,{,451,220,643,2434.0,3326.0
b,24.0,A,314,210,776,1490.0,2730.0
b,24.0,O,362,220,635,1163.0,3053.0
b,24.0,E,331,217,668,2106.0,3353.0
b,24.0,e,426,233,654,2549.0,3427.0
b,24.0,3',347,224,479,1579.0,1963.0
b,24.0,I,316,218,481,2567.0,3550.0
b,24.0,i,342,218,441,3079.0,3474.0
b,24.0,o,338,215,646,1244.0,3023.0
b,24.0,U,303,227,546,1254.0,3333.0
b,24.0,V,292,216,670,1538.0,3264.0
b,24.0,u,320,235,449,916.0,3002.0
b,25.0,{,243,211,634,2410.0,3303.0
b,25.0,A,270,223,1147,1553.0,2877.0
b,25.0,O,250,215,792,1268.0,2988.0
b,25.0,E,192,231,699,2194.0,3317.0
b,25.0,e,293,239,494,2823.0,3444.0
b,25.0,3',251,211,615,1742.0,2009.0
b,25.0,I,174,230,551,2362.0,3354.0
b,25.0,i,241,239,410,2874.0,3505.0
b,25.0,o,264,225,658,1272.0,2944.0
b,25.0,U,174,211,622,1417.0,2993.0
b,25.0,V,172,214,763,1522.0,2931.0
b,25.0,u,233,254,495,1283.0,3033.0
b,26.0,{,284,227,676,2253.0,3121.0
b,26.0,A,271,221,1065,1483.0,2723.0
b,26.0,O,267,216,640,929.0,2654.0
b,26.0,E,210,221,680,2187.0,3099.0
b,26.0,e,309,239,510,2438.0,3126.0
b,26.0,3',263,220,457,1570.0,1926.0
b,26.0,I,194,240,490,2449.0,3330.0
b,26.0,i,268,240,361,2938.0,3810.0
b,26.0,o,293,224,616,1047.0,2669.0
b,26.0,U,213,239,492,1200.0,2622.0
b,26.0,V,212,206,667,1400.0,3017.0
b,26.0,u,255,216,434,1297.0,2694.0
b,27.0,{,291,212,860,2503.0,3002.0
b,27.0,A,285,227,944,1540.0,2896.0
b,27.0,O,305,214,941,1409.0,2729.0
b,27.0,E,212,231,856,2304.0,2916.0
b,27.0,e,289,236,655,2772.0,3180.0
b,27.0,3',390,250,614,1733.0,2034.0
b,27.0,I,294,243,503,2433.0,3150.0
b,27.0,i,269,255,366,3024.0,3867.0
b,27.0,o,267,241,578,1122.0,2833.0
b,27.0,U,221,233,684,1623.0,3019.0
b,27.0,V,243,234,778,1422.0,3266.0
b,27.0,u,302,249,498,1509.0,2866.0
g,28.0,{,295,242,741,2433.0,3341.0
g,28.0,A,276,238,894,1420.0,2828.0
g,28.0,O,349,240,867,1292.0,3296.0
g,28.0,E,202,227,653,2241.0,3167.0
g,28.0,e,320,243,496,2670.0,3256.0
g,28.0,3',297,228,556,1687.0,2002.0
g,28.0,I,233,240,495,2574.0,3362.0
g,28.0,i,314,222,389,3068.0,3544.0
g,28.0,o,263,251,571,1243.0,2854.0
g,28.0,U,224,243,499,1440.0,2980.0
g,28.0,V,200,247,740,1502.0,3001.0
g,28.0,u,327,251,500,1724.0,2988.0
g,29.0,{,283,196,729,2878.0,3792.0
g,29.0,A,298,208,1312,1820.0,3308.0
g,29.0,O,249,217,875,1501.0,3294.0
g,29.0,E,218,188,928,2254.0,3612.0
g,29.0,e,286,211,648,2788.0,3723.0
g,29.0,3',258,223,620,1750.0,2165.0
g,29.0,I,197,258,557,2634.0,3691.0
g,29.0,i,248,246,498,3451.0,4100.0
g,29.0,o,295,230,683,1038.0,3200.0
g,29.0,U,206,228,639,1518.0,3253.0
g,29.0,V,215,220,882,1623.0,3434.0
g,29.0,u,236,188,435,1059.0,3389.0
g,30.0,{,385,255,932,2523.0,3644.0
g,30.0,A,324,246,1007,1742.0,2982.0
g,30.0,O,430,244,885,1415.0,3196.0
g,30.0,E,277,245,802,2427.0,3488.0
g,30.0,e,350,266,561,2663.0,3550.0
g,30.0,3',359,285,564,2003.0,2349.0
g,30.0,I,313,271,558,2427.0,3502.0
g,30.0,i,324,294,463,3225.0,3699.0
g,30.0,o,380,282,583,1352.0,3140.0
g,30.0,U,367,271,564,1613.0,3065.0
g,30.0,V,275,268,784,1614.0,3392.0
g,30.0,u,300,288,556,1736.0,3005.0
g,31.0,{,456,227,682,2638.0,3510.0
g,31.0,A,375,204,978,1817.0,2843.0
g,31.0,O,368,210,882,1309.0,2834.0
g,31.0,E,328,226,809,2265.0,3309.0
g,31.0,e,321,220,638,2553.0,3348.0
g,31.0,3',348,223,601,1791.0,2612.0
g,31.0,I,323,219,441,2728.0,3285.0
g,31.0,i,305,239,475,3320.0,3761.0
g,31.0,o,380,239,678,1306.0,3202.0
g,31.0,U,375,225,504,1440.0,3000.0
g,31.0,V,290,225,897,1494.0,2960.0
g,31.0,u,378,219,437,1733.0,3208.0
g,32.0,{,292,222,799,2397.0,3125.0
g,32.0,A,275,225,1026,1544.0,2536.0
g,32.0,O,300,224,888,1266.0,2632.0
g,32.0,E,174,222,660,2223.0,3354.0
g,32.0,e,261,225,542,2755.0,3283.0
g,32.0,3',299,224,632,1689.0,2154.0
g,32.0,I,150,236,488,2623.0,3549.0
g,32.0,i,230,250,478,2997.0,3755.0
g,32.0,o,268,226,483,903.0,2954.0
g,32.0,U,234,254,545,1307.0,3032.0
g,32.0,V,218,238,754,1430.0,3034.0
g,32.0,u,246,256,480,1011.0,2574.0
g,33.0,{,341,242,722,2418.0,3017.0
g,33.0,A,384,227,843,1803.0,2562.0
g,33.0,O,342,233,697,1358.0,2263.0
g,33.0,E,284,230,649,2268.0,2827.0
g,33.0,e,421,242,544,2444.0,2605.0
g,33.0,3',365,237,585,1694.0,2278.0
g,33.0,I,311,252,506,2432.0,3262.0
g,33.0,i,386,250,457,2776.0,4268.0
g,33.0,o,442,241,492,927.0,2671.0
g,33.0,U,186,249,507,1720.0,2978.0
g,33.0,V,286,234,620,1579.0,2861.0
g,33.0,u,367,255,503,821.0,2874.0
g,34.0,{,384,266,695,2704.0,3731.0
g,34.0,A,407,249,993,2000.0,3174.0
g,34.0,O,377,270,787,1234.0,2924.0
g,34.0,E,294,244,741,2418.0,3665.0
g,34.0,e,438,257,513,2881.0,3667.0
g,34.0,3',346,260,540,1571.0,2167.0
g,34.0,I,378,261,517,2619.0,3499.0
g,34.0,i,390,263,507,3319.0,3823.0
g,34.0,o,309,259,536,789.0,2863.0
g,34.0,U,292,271,585,1636.0,2941.0
g,34.0,V,303,242,695,1832.0,3000.0
g,34.0,u,315,271,540,1653.0,2799.0
g,35.0,{,382,265,758,2373.0,3327.0
g,35.0,A,321,245,1197,1734.0,3187.0
g,35.0,O,425,301,932,1445.0,3107.0
g,35.0,E,292,238,763,2393.0,3241.0
g,35.0,e,364,258,536,2859.0,3507.0
g,35.0,3',413,286,573,1748.0,2245.0
g,35.0,I,308,264,515,2828.0,3627.0
g,35.0,i,399,294,503,3256.0,4056.0
g,35.0,o,423,275,561,1151.0,2996.0
g,35.0,U,284,294,595,1737.0,3235.0
g,35.0,V,248,262,756,1579.0,3388.0
g,35.0,u,307,303,568,1508.0,2987.0
g,36.0,{,311,237,946,2540.0,3229.0
g,36.0,A,282,218,855,1845.0,3055.0
g,36.0,O,285,226,893,1563.0,3131.0
g,36.0,E,278,227,816,2404.0,3448.0
g,36.0,e,310,236,740,2651.0,3049.0
g,36.0,3',320,212,631,1722.0,2140.0
g,36.0,I,241,257,518,2870.0,3681.0
g,36.0,i,292,222,456,3389.0,4027.0
g,36.0,o,338,238,630,1491.0,3010.0
g,36.0,U,268,229,667,1446.0,3220.0
g,36.0,V,222,229,880,1680.0,3280.0
g,36.0,u,318,216,460,1422.0,3099.0
g,37.0,{,353,230,648,2334.0,2834.0
g,37.0,A,298,240,1047,1488.0,2879.0
g,37.0,O,380,232,898,1359.0,2850.0
g,37.0,E,227,226,793,2228.0,3560.0
g,37.0,e,315,240,494,2676.0,3280.0
g,37.0,3',296,233,671,1556.0,2302.0
g,37.0,I,250,226,499,2437.0,3758.0
g,37.0,i,282,238,465,2875.0,3699.0
g,37.0,o,363,232,455,923.0,3258.0
g,37.0,U,310,219,627,1515.0,3034.0
g,37.0,V,227,226,701,1563.0,3058.0
g,37.0,u,324,238,460,1291.0,3010.0
g,38.0,{,322,240,730,2668.0,3564.0
g,38.0,A,317,200,1154,1932.0,3044.0
g,38.0,O,323,241,952,1665.0,3063.0
g,38.0,E,250,236,762,2349.0,3484.0
g,38.0,e,293,262,594,2733.0,3413.0
g,38.0,3',270,253,627,1780.0,2415.0
g,38.0,I,240,242,533,2762.0,3466.0
g,38.0,i,304,212,436,3340.0,3862.0
g,38.0,o,237,225,637,1142.0,3360.0
g,38.0,U,214,259,571,1819.0,3274.0
g,38.0,V,226,248,796,1669.0,3254.0
g,38.0,u,273,276,540,1998.0,3104.0
g,39.0,{,301,251,752,2501.0,3450.0
g,39.0,A,334,241,931,1749.0,3205.0
g,39.0,O,339,234,823,1356.0,3419.0
g,39.0,E,250,263,759,2488.0,3502.0
g,39.0,e,345,258,550,2780.0,3468.0
g,39.0,3',288,273,561,1692.0,2358.0
g,39.0,I,273,257,508,2642.0,3494.0
g,39.0,i,396,278,464,3104.0,3692.0
g,39.0,o,351,251,502,960.0,3274.0
g,39.0,U,269,279,563,1577.0,3159.0
g,39.0,V,232,229,738,1626.0,3315.0
g,39.0,u,286,273,527,1407.0,3253.0
g,40.0,{,306,194,717,2313.0,3150.0
g,40.0,A,308,189,954,1472.0,2844.0
g,40.0,O,332,214,854,1109.0,2960.0
g,40.0,E,297,211,621,2275.0,3146.0
g,40.0,e,351,222,564,2455.0,3100.0
g,40.0,3',312,215,603,1663.0,1983.0
g,40.0,I,311,216,435,2623.0,3084.0
g,40.0,i,320,220,432,2688.0,3161.0
g,40.0,o,330,240,499,992.0,3121.0
g,40.0,U,314,245,498,1491.0,2924.0
g,40.0,V,259,208,633,1454.0,2986.0
g,40.0,u,304,239,486,968.0,2756.0
g,41.0,{,354,226,888,2605.0,3651.0
g,41.0,A,299,233,1316,1752.0,3113.0
g,41.0,O,360,239,894,1366.0,3371.0
g,41.0,E,266,226,880,2638.0,3567.0
g,41.0,e,386,237,497,2804.0,3315.0
g,41.0,3',331,248,707,1706.0,2245.0
g,41.0,I,337,244,497,2684.0,3546.0
g,41.0,i,357,251,477,3266.0,3889.0
g,41.0,o,382,243,577,1217.0,3225.0
g,41.0,U,298,233,597,1599.0,3270.0
g,41.0,V,302,247,684,1732.0,3241.0
g,41.0,u,368,244,496,1739.0,2873.0
g,42.0,{,308,208,727,2394.0,3320.0
g,42.0,A,304,248,911,1624.0,3230.0
g,42.0,O,291,233,757,1242.0,3288.0
g,42.0,E,204,249,755,2137.0,3384.0
g,42.0,e,280,258,575,2502.0,3445.0
g,42.0,3',269,225,667,1688.0,2246.0
g,42.0,I,212,243,504,2408.0,3422.0
g,42.0,i,266,273,466,3004.0,3634.0
g,42.0,o,262,267,785,1551.0,3138.0
g,42.0,U,188,236,643,1860.0,3306.0
g,42.0,V,215,256,782,1622.0,3171.0
g,42.0,u,245,236,490,2179.0,3131.0
g,43.0,{,317,219,591,2632.0,3497.0
g,43.0,A,416,214,1033,1929.0,3428.0
g,43.0,O,441,215,1062,1475.0,3233.0
g,43.0,E,258,205,533,2480.0,3378.0
g,43.0,e,325,209,570,3256.0,3584.0
g,43.0,3',287,219,611,2033.0,2522.0
g,43.0,I,267,212,557,2664.0,3468.0
g,43.0,i,343,222,436,3443.0,3843.0
g,43.0,o,300,221,568,1096.0,2991.0
g,43.0,U,211,217,556,1558.0,3490.0
g,43.0,V,226,207,744,1854.0,3360.0
g,43.0,u,315,214,435,1829.0,3316.0
g,44.0,{,238,248,747,2703.0,3829.0
g,44.0,A,220,235,1129,2005.0,2826.0
g,44.0,O,218,221,1090,1465.0,2981.0
g,44.0,E,222,229,868,2318.0,3567.0
g,44.0,e,223,234,618,2752.0,4040.0
g,44.0,3',197,236,670,1899.0,2323.0
g,44.0,I,168,236,550,2625.0,3774.0
g,44.0,i,193,237,479,3093.0,3755.0
g,44.0,o,222,234,688,1197.0,3184.0
g,44.0,U,155,237,682,1571.0,3394.0
g,44.0,V,184,227,885,1629.0,3430.0
g,44.0,u,192,243,497,1334.0,3067.0
g,45.0,{,290,227,672,2484.0,3492.0
g,45.0,A,259,234,1145,1655.0,3062.0
g,45.0,O,274,246,998,1368.0,3282.0
g,45.0,E,228,228,882,2524.0,3555.0
g,45.0,e,294,249,540,2687.0,3504.0
g,45.0,3',286,230,627,1628.0,2058.0
g,45.0,I,220,234,489,2730.0,3763.0
g,45.0,i,243,232,469,3278.0,4165.0
g,45.0,o,317,213,622,1223.0,3380.0
g,45.0,U,241,239,512,1644.0,3483.0
g,45.0,V,210,248,1045,1609.0,3456.0
g,45.0,u,248,248,498,1740.0,3291.0
g,46.0,{,250,227,555,2569.0,3424.0
g,46.0,A,186,215,1021,1720.0,3186.0
g,46.0,O,259,218,1001,1488.0,3149.0
g,46.0,E,227,230,733,2421.0,3250.0
g,46.0,e,259,235,558,2533.0,3224.0
g,46.0,3',262,225,620,1689.0,2361.0
g,46.0,I,170,226,444,2846.0,3518.0
g,46.0,i,258,238,472,3120.0,3574.0
g,46.0,o,246,222,643,1262.0,3194.0
g,46.0,U,179,243,575,1580.0,3509.0
g,46.0,V,177,229,646,1578.0,3366.0
g,46.0,u,227,225,446,1533.0,3269.0
m,47.0,{,323,174,663,2012.0,2659.0
m,47.0,A,316,159,813,1283.0,2687.0
m,47.0,O,330,177,699,996.0,2548.0
m,47.0,E,266,171,609,1980.0,2678.0
m,47.0,e,319,166,494,2113.0,2700.0
m,47.0,3',324,175,506,1418.0,1849.0
m,47.0,I,268,179,370,2161.0,2757.0
m,47.0,i,339,172,328,2418.0,2939.0
m,47.0,o,369,169,509,989.0,2561.0
m,47.0,U,255,169,450,995.0,2519.0
m,47.0,V,292,171,670,1178.0,2566.0
m,47.0,u,281,184,374,931.0,2433.0
m,48.0,{,250,102,628,1871.0,2477.0
m,48.0,A,249,101,749,1060.0,2842.0
m,48.0,O,289,106,644,856.0,2627.0
m,48.0,E,167,103,517,1917.0,2438.0
m,48.0,e,261,105,438,2196.0,2480.0
m,48.0,3',296,111,457,1406.0,1685.0
m,48.0,I,183,111,384,2039.0,2523.0
m,48.0,i,236,108,305,2320.0,3072.0
m,48.0,o,261,105,519,891.0,2532.0
m,48.0,U,174,112,424,992.0,2249.0
m,48.0,V,173,105,642,998.0,2682.0
m,48.0,u,257,114,319,938.0,2091.0
m,49.0,{,344,99,605,1812.0,2570.0
m,49.0,A,373,97,755,1133.0,2695.0
m,49.0,O,355,93,647,926.0,2785.0
m,49.0,E,284,95,559,1695.0,2413.0
m,49.0,e,353,91,438,2026.0,2476.0
m,49.0,3',368,94,479,1252.0,1621.0
m,49.0,I,262,101,411,1932.0,2569.0
m,49.0,i,315,96,331,2311.0,2865.0
m,49.0,o,417,96,496,863.0,2548.0
m,49.0,U,275,96,489,1059.0,2567.0
m,49.0,V,297,96,622,1075.0,2622.0
m,49.0,u,420,101,360,953.0,2505.0
m,50.0,{,312,124,627,1910.0,2488.0
m,50.0,A,302,127,832,1222.0,2624.0
m,50.0,O,347,131,694,970.0,2746.0
m,50.0,E,229,127,698,1580.0,2492.0
m,50.0,e,253,134,493,2102.0,2839.0
m,50.0,3',332,134,460,1473.0,1764.0
m,50.0,I,227,135,441,2045.0,2694.0
m,50.0,i,240,134,353,2385.0,3400.0
m,50.0,o,300,146,441,862.0,2455.0
m,50.0,U,210,134,522,1123.0,2538.0
m,50.0,V,211,131,650,1036.0,2697.0
m,50.0,u,288,144,422,1299.0,2347.0
m,51.0,{,254,115,647,1864.0,2561.0
m,51.0,A,230,112,871,1204.0,2595.0
m,51.0,O,250,115,740,999.0,2691.0
m,51.0,E,177,115,555,1851.0,2624.0
m,51.0,e,241,120,497,2024.0,2677.0
m,51.0,3',217,117,489,1338.0,1747.0
m,51.0,I,159,115,441,2080.0,2721.0
m,51.0,i,241,122,367,2390.0,2777.0
m,51.0,o,263,114,524,1000.0,2432.0
m,51.0,U,147,117,468,1115.0,2492.0
m,51.0,V,169,117,629,1146.0,2643.0
m,51.0,u,231,120,366,919.0,2378.0
m,52.0,{,254,96,582,1999.0,2567.0
m,52.0,A,265,98,786,1341.0,2403.0
m,52.0,O,292,96,642,949.0,2437.0
m,52.0,E,197,104,571,1926.0,2615.0
m,52.0,e,281,100,555,2174.0,2900.0
m,52.0,3',272,96,493,1270.0,1633.0
m,52.0,I,190,108,363,2269.0,2935.0
m,52.0,i,259,101,346,2379.0,3217.0
m,52.0,o,266,94,515,1126.0,2455.0
m,52.0,U,197,92,442,1176.0,2435.0
m,52.0,V,185,90,651,1176.0,2564.0
m,52.0,u,231,113,326,997.0,2384.0
m,53.0,{,289,122,602,1880.0,2539.0
m,53.0,A,302,115,748,1293.0,2446.0
m,53.0,O,294,120,651,1033.0,2477.0
m,53.0,E,239,126,582,1768.0,2463.0
m,53.0,e,328,133,529,1974.0,2638.0
m,53.0,3',282,131,501,1334.0,1611.0
m,53.0,I,235,131,390,1948.0,2566.0
m,53.0,i,298,164,312,2402.0,2849.0
m,53.0,o,285,125,500,868.0,2552.0
m,53.0,U,241,132,486,1116.0,2563.0
m,53.0,V,242,132,626,1159.0,2643.0
m,53.0,u,239,126,382,1058.0,2334.0
m,54.0,{,339,120,545,1872.0,2630.0
m,54.0,A,330,122,738,1394.0,2522.0
m,54.0,O,342,123,620,1068.0,2634.0
m,54.0,E,239,120,560,1697.0,2663.0
m,54.0,e,318,122,446,1918.0,2674.0
m,54.0,3',342,137,466,1377.0,1616.0
m,54.0,I,221,132,385,1843.0,2696.0
m,54.0,i,341,129,355,2049.0,2921.0
m,54.0,o,340,134,503,950.0,2680.0
m,54.0,U,238,125,442,1205.0,2580.0
m,54.0,V,203,121,602,1336.0,2690.0
m,54.0,u,296,136,384,1234.0,2418.0
m,55.0,{,282,153,552,2027.0,2737.0
m,55.0,A,271,152,763,1147.0,2840.0
m,55.0,O,296,151,637,923.0,2722.0
m,55.0,E,186,154,594,1716.0,2678.0
m,55.0,e,273,151,439,2067.0,2708.0
m,55.0,3',249,154,459,1367.0,1716.0
m,55.0,I,186,153,440,1954.0,2587.0
m,55.0,i,223,163,320,2300.0,3038.0
m,55.0,o,269,153,476,1016.0,2502.0
m,55.0,U,196,157,485,1086.0,2556.0
m,55.0,V,183,157,658,1410.0,2720.0
m,55.0,u,237,156,338,1087.0,2515.0
m,56.0,{,319,136,629,1871.0,2574.0
m,56.0,A,321,148,829,1444.0,2241.0
m,56.0,O,363,162,695,1108.0,2384.0
m,56.0,E,261,146,569,1709.0,2502.0
m,56.0,e,360,141,433,2082.0,2620.0
m,56.0,3',340,140,438,1387.0,1716.0
m,56.0,I,301,163,470,1959.0,2697.0
m,56.0,i,323,160,315,2253.0,2886.0
m,56.0,o,374,149,496,867.0,2380.0
m,56.0,U,275,151,472,1296.0,2273.0
m,56.0,V,295,155,619,1241.0,2455.0
m,56.0,u,327,161,319,936.0,2187.0
m,57.0,{,279,100,685,1807.0,2611.0
m,57.0,A,256,104,825,1429.0,2701.0
m,57.0,O,283,104,664,1024.0,2639.0
m,57.0,E,203,99,577,1811.0,2559.0
m,57.0,e,243,95,439,2126.0,2762.0
m,57.0,3',268,110,439,1220.0,1681.0
m,57.0,I,164,109,411,2034.0,2795.0
m,57.0,i,229,106,327,2257.0,2943.0
m,57.0,o,268,104,486,826.0,2631.0
m,57.0,U,208,113,459,1036.0,2625.0
m,57.0,V,172,107,636,1153.0,2756.0
m,57.0,u,240,116,371,793.0,2719.0
m,58.0,{,272,106,559,1983.0,2560.0
m,58.0,A,278,100,737,1298.0,2323.0
m,58.0,O,248,108,664,1043.0,2575.0
m,58.0,E,231,110,570,1824.0,2627.0
m,58.0,e,256,109,495,2166.0,2668.0
m,58.0,3',287,106,506,1464.0,1672.0
m,58.0,I,249,121,444,2154.0,2659.0
m,58.0,i,256,106,329,2514.0,3073.0
m,58.0,o,269,107,491,1065.0,2383.0
m,58.0,U,203,116,446,1298.0,2275.0
m,58.0,V,227,105,631,1133.0,2560.0
m,58.0,u,260,115,379,1123.0,2383.0
m,59.0,{,212,138,544,1819.0,2511.0
m,59.0,A,192,145,679,1208.0,2630.0
m,59.0,O,223,142,628,1069.0,2689.0
m,59.0,E,156,144,546,1750.0,2509.0
m,59.0,e,218,143,482,1904.0,2526.0
m,59.0,3',204,147,439,1387.0,1746.0
m,59.0,I,134,145,424,1913.0,2556.0
m,59.0,i,179,142,311,2274.0,2510.0
m,59.0,o,214,142,434,862.0,2561.0
m,59.0,U,150,145,438,1177.0,2478.0
m,59.0,V,146,147,573,1152.0,2604.0
m,59.0,u,183,148,382,994.0,2372.0
m,60.0,{,257,135,685,1592.0,2308.0
m,60.0,A,243,132,689,1064.0,2303.0
m,60.0,O,278,142,634,987.0,2305.0
m,60.0,E,181,138,554,1790.0,2469.0
m,60.0,e,259,148,435,2013.0,2506.0
m,60.0,3',256,140,429,1389.0,1830.0
m,60.0,I,169,145,419,2076.0,2602.0
m,60.0,i,261,165,322,2282.0,2746.0
m,60.0,o,272,146,439,699.0,2107.0
m,60.0,U,178,148,438,979.0,2187.0
m,60.0,V,176,152,663,1166.0,2177.0
m,60.0,u,210,174,339,860.0,2013.0
m,61.0,{,264,133,514,2031.0,2815.0
m,61.0,A,342,135,702,1364.0,2498.0
m,61.0,O,320,146,662,1001.0,2744.0
m,61.0,E,170,131,608,1831.0,2694.0
m,61.0,e,338,151,445,2268.0,2798.0
m,61.0,3',298,139,504,1386.0,1813.0
m,61.0,I,179,142,491,1958.0,2782.0
m,61.0,i,273,143,364,2366.0,3042.0
m,61.0,o,337,138,454,745.0,2623.0
m,61.0,U,166,158,481,1094.0,2623.0
m,61.0,V,193,147,610,1168.0,2529.0
m,61.0,u,264,147,415,1016.0,2465.0
m,62.0,{,244,149,612,1937.0,2605.0
m,62.0,A,269,148,811,1355.0,2599.0
m,62.0,O,274,154,653,1020.0,2810.0
m,62.0,E,185,151,562,1816.0,2707.0
m,62.0,e,246,156,492,2195.0,2786.0
m,62.0,3',243,154,505,1330.0,1929.0
m,62.0,I,194,159,486,2061.0,2719.0
m,62.0,i,232,160,350,2462.0,2921.0
m,62.0,o,247,157,566,997.0,2748.0
m,62.0,U,222,163,499,1127.0,2684.0
m,62.0,V,183,154,637,1295.0,2757.0
m,62.0,u,226,165,455,1181.0,2616.0
m,63.0,{,286,140,544,2114.0,2971.0
m,63.0,A,272,135,744,1489.0,2586.0
m,63.0,O,287,138,648,1013.0,2473.0
m,63.0,E,199,137,583,1757.0,2852.0
m,63.0,e,237,141,535,2004.0,2939.0
m,63.0,3',356,156,457,1437.0,1648.0
m,63.0,I,221,139,433,2012.0,2855.0
m,63.0,i,263,161,314,2368.0,3378.0
m,63.0,o,319,133,534,1002.0,2293.0
m,63.0,U,237,144,438,1181.0,2381.0
m,63.0,V,189,138,623,1163.0,2555.0
m,63.0,u,284,156,370,889.0,2324.0
m,64.0,{,252,108,556,1854.0,2679.0
m,64.0,A,206,114,758,1363.0,2421.0
m,64.0,O,253,107,631,1019.0,2219.0
m,64.0,E,138,128,615,1624.0,2265.0
m,64.0,e,196,126,382,2035.0,2513.0
m,64.0,3',185,122,463,1371.0,1684.0
m,64.0,I,145,123,418,1964.0,2432.0
m,64.0,i,153,129,328,2123.0,3444.0
m,64.0,o,204,127,499,859.0,2080.0
m,64.0,U,147,119,451,1106.0,2195.0
m,64.0,V,139,120,593,1254.0,2302.0
m,64.0,u,196,116,372,1010.0,2136.0
m,65.0,{,249,119,619,2023.0,2716.0
m,65.0,A,287,115,784,1345.0,2522.0
m,65.0,O,316,120,688,1139.0,2549.0
m,65.0,E,184,122,630,1786.0,2637.0
m,65.0,e,251,121,499,2068.0,2676.0
m,65.0,3',256,120,491,1455.0,1896.0
m,65.0,I,220,128,452,2062.0,2736.0
m,65.0,i,251,127,372,2280.0,2710.0
m,65.0,o,287,119,520,987.0,2573.0
m,65.0,U,173,124,470,1202.0,2555.0
m,65.0,V,226,122,622,1155.0,2606.0
m,65.0,u,275,128,387,1123.0,2426.0
m,66.0,{,274,112,601,1997.0,2499.0
m,66.0,A,278,107,802,1297.0,2765.0
m,66.0,O,292,111,696,983.0,2603.0
m,66.0,E,227,111,629,1810.0,2639.0
m,66.0,e,311,116,477,2110.0,2563.0
m,66.0,3',274,117,504,1173.0,1595.0
m,66.0,I,207,113,463,2018.0,2688.0
m,66.0,i,265,121,367,2244.0,3042.0
m,66.0,o,279,117,461,801.0,2442.0
m,66.0,U,204,121,503,1058.0,2518.0
m,66.0,V,202,114,617,1071.0,2685.0
m,66.0,u,230,132,389,959.0,2441.0
m,67.0,{,270,120,572,2072.0,2648.0
m,67.0,A,258,131,803,1234.0,2430.0
m,67.0,O,248,127,691,1111.0,2439.0
m,67.0,E,153,119,624,1909.0,2773.0
m,67.0,e,274,131,529,2114.0,2731.0
m,67.0,3',258,134,513,1342.0,1965.0
m,67.0,I,202,138,501,1971.0,2734.0
m,67.0,i,241,133,381,2515.0,3059.0
m,67.0,o,233,126,543,1009.0,2326.0
m,67.0,U,210,131,504,1318.0,2491.0
m,67.0,V,201,130,628,1223.0,2609.0
m,67.0,u,239,147,435,1137.0,2395.0
m,68.0,{,301,115,546,1820.0,2548.0
m,68.0,A,256,116,683,1238.0,2428.0
m,68.0,O,249,109,587,941.0,2371.0
m,68.0,E,190,109,559,1755.0,2514.0
m,68.0,e,267,112,494,1962.0,2608.0
m,68.0,3',260,116,474,1505.0,1635.0
m,68.0,I,176,107,427,1974.0,2608.0
m,68.0,i,268,119,352,2254.0,2888.0
m,68.0,o,261,112,494,925.0,2235.0
m,68.0,U,216,111,507,1183.0,2309.0
m,68.0,V,212,113,601,1214.0,2305.0
m,68.0,u,204,123,372,972.0,2316.0
m,69.0,{,259,120,562,1895.0,2513.0
m,69.0,A,271,124,697,1370.0,2597.0
m,69.0,O,282,111,636,978.0,2220.0
m,69.0,E,207,114,609,1675.0,2495.0
m,69.0,e,262,113,504,1878.0,2549.0
m,69.0,3',252,121,505,1450.0,1651.0
m,69.0,I,197,129,439,1951.0,2622.0
m,69.0,i,271,115,323,2269.0,2943.0
m,69.0,o,275,107,436,865.0,2377.0
m,69.0,U,208,116,492,1157.0,2454.0
m,69.0,V,230,116,593,1213.0,2329.0
m,69.0,u,225,123,374,921.0,2288.0
m,70.0,{,257,105,594,2000.0,2550.0
m,70.0,A,212,106,743,1423.0,2494.0
m,70.0,O,171,103,686,1064.0,2432.0
m,70.0,E,215,104,634,1874.0,2563.0
m,70.0,e,252,115,472,2141.0,2623.0
m,70.0,3',231,116,442,1517.0,1736.0
m,70.0,I,188,115,453,2013.0,2660.0
m,70.0,i,218,117,338,2329.0,2945.0
m,70.0,o,246,105,533,900.0,2435.0
m,70.0,U,173,113,487,994.0,2299.0
m,70.0,V,166,105,662,1166.0,2553.0
m,70.0,u,207,123,371,950.0,2264.0
m,71.0,{,212,131,662,1934.0,2649.0
m,71.0,A,154,173,710,1084.0,2753.0
m,71.0,O,222,122,681,1060.0,2863.0
m,71.0,E,125,128,636,1893.0,2765.0
m,71.0,e,231,124,490,2187.0,2722.0
m,71.0,3',201,140,496,1500.0,1711.0
m,71.0,I,160,189,469,2128.0,2744.0
m,71.0,i,194,175,368,2509.0,2893.0
m,71.0,o,213,130,530,1000.0,2652.0
m,71.0,U,146,132,435,994.0,2565.0
m,71.0,V,168,124,682,1192.0,2774.0
m,71.0,u,197,189,377,888.0,2416.0
m,72.0,{,241,114,566,2041.0,2500.0
m,72.0,A,220,123,825,1438.0,2434.0
m,72.0,O,226,117,720,1063.0,2369.0
m,72.0,E,177,118,620,1832.0,2583.0
m,72.0,e,211,139,393,2305.0,2694.0
m,72.0,3',206,118,453,1432.0,1690.0
m,72.0,I,145,131,404,2107.0,2677.0
m,72.0,i,161,132,309,2385.0,3219.0
m,72.0,o,238,118,509,896.0,2354.0
m,72.0,U,188,124,491,1246.0,2336.0
m,72.0,V,145,133,623,1207.0,2455.0
m,72.0,u,185,143,401,980.0,2460.0
m,73.0,{,302,96,559,1873.0,2509.0
m,73.0,A,290,101,673,1301.0,2433.0
m,73.0,O,344,92,619,1012.0,2460.0
m,73.0,E,197,98,565,1805.0,2608.0
m,73.0,e,338,94,374,2436.0,2803.0
m,73.0,3',310,103,430,1294.0,1487.0
m,73.0,I,178,105,383,2167.0,2726.0
m,73.0,i,282,107,307,2405.0,3442.0
m,73.0,o,301,95,376,659.0,2572.0
m,73.0,U,191,109,430,1021.0,2507.0
m,73.0,V,199,96,560,1118.0,2503.0
m,73.0,u,288,105,313,861.0,2374.0
m,74.0,{,208,143,579,1982.0,2639.0
m,74.0,A,184,160,707,1421.0,2403.0
m,74.0,O,196,155,640,1149.0,2227.0
m,74.0,E,146,146,571,1752.0,2668.0
m,74.0,e,239,158,444,2121.0,2547.0
m,74.0,3',210,146,435,1289.0,1562.0
m,74.0,I,134,165,440,2119.0,2694.0
m,74.0,i,202,158,312,2319.0,2865.0
m,74.0,o,175,150,457,870.0,2566.0
m,74.0,U,111,156,463,1086.0,2453.0
m,74.0,V,128,152,622,1285.0,2472.0
m,74.0,u,171,199,379,982.0,2407.0
m,75.0,{,208,149,623,1937.0,2526.0
m,75.0,A,216,146,697,1293.0,2461.0
m,75.0,O,195,144,633,995.0,2500.0
m,75.0,E,166,149,608,1871.0,2572.0
m,75.0,e,219,148,500,2159.0,2634.0
m,75.0,3',202,151,491,1370.0,1679.0
m,75.0,I,154,148,438,2049.0,2609.0
m,75.0,i,205,166,327,2378.0,2999.0
m,75.0,o,198,160,487,804.0,2508.0
m,75.0,U,134,160,500,1067.0,2435.0
m,75.0,V,143,147,666,1135.0,2471.0
m,75.0,u,185,165,402,809.0,2466.0
m,76.0,{,328,136,555,1996.0,2609.0
m,76.0,A,272,135,816,1361.0,2493.0
m,76.0,O,268,133,649,1048.0,2441.0
m,76.0,E,205,131,567,1718.0,2557.0
m,76.0,e,311,142,480,2100.0,2576.0
m,76.0,3',270,129,477,1376.0,1679.0
m,76.0,I,204,147,437,1960.0,2596.0
m,76.0,i,254,159,314,2506.0,2963.0
m,76.0,o,260,138,502,879.0,2465.0
m,76.0,U,180,141,495,1093.0,2463.0
m,76.0,V,204,136,575,1130.0,2489.0
m,76.0,u,241,160,373,931.0,2381.0
m,77.0,{,267,129,555,1849.0,2502.0
m,77.0,A,250,115,722,1411.0,2264.0
m,77.0,O,239,116,623,1012.0,2506.0
m,77.0,E,185,121,541,1743.0,2563.0
m,77.0,e,261,116,469,2035.0,2660.0
m,77.0,3',252,115,447,1400.0,1791.0
m,77.0,I,172,128,379,1942.0,2658.0
m,77.0,i,200,130,365,2119.0,2883.0
m,77.0,o,243,124,499,883.0,2618.0
m,77.0,U,160,125,442,1092.0,2459.0
m,77.0,V,177,124,583,1187.0,2627.0
m,77.0,u,244,131,377,1008.0,2308.0
m,78.0,{,326,110,634,1730.0,2456.0
m,78.0,A,269,109,748,1274.0,2406.0
m,78.0,O,304,106,645,1049.0,2507.0
m,78.0,E,244,112,543,1840.0,2574.0
m,78.0,e,312,108,438,2003.0,2552.0
m,78.0,3',271,112,440,1447.0,1701.0
m,78.0,I,226,111,397,1985.0,2615.0
m,78.0,i,268,113,327,2143.0,2881.0
m,78.0,o,317,114,465,969.0,2364.0
m,78.0,U,230,106,466,1375.0,2478.0
m,78.0,V,219,109,561,1343.0,2498.0
m,78.0,u,254,114,357,1130.0,2300.0
m,79.0,{,270,121,570,1856.0,2630.0
m,79.0,A,252,116,744,1388.0,2541.0
m,79.0,O,300,112,645,1063.0,2565.0
m,79.0,E,217,114,579,1866.0,2799.0
m,79.0,e,269,121,478,2049.0,2866.0
m,79.0,3',290,119,493,1428.0,1741.0
m,79.0,I,174,130,428,1999.0,2849.0
m,79.0,i,219,135,362,2103.0,3074.0
m,79.0,o,230,122,496,908.0,2435.0
m,79.0,U,185,120,496,1101.0,2396.0
m,79.0,V,171,118,630,1328.0,2554.0
m,79.0,u,265,124,388,982.0,2316.0
m,80.0,{,207,130,614,1768.0,2393.0
m,80.0,A,219,127,700,1295.0,2310.0
m,80.0,O,202,130,606,991.0,2135.0
m,80.0,E,139,130,568,1687.0,2419.0
m,80.0,e,193,140,497,1903.0,2455.0
m,80.0,3',212,130,478,1440.0,1665.0
m,80.0,I,147,133,434,1872.0,2543.0
m,80.0,i,195,137,392,2127.0,2874.0
m,80.0,o,211,142,437,861.0,2160.0
m,80.0,U,159,132,497,1164.0,2245.0
m,80.0,V,169,134,596,1053.0,2282.0
m,80.0,u,193,143,409,846.0,2073.0
m,81.0,{,213,131,553,2140.0,2327.0
m,81.0,A,192,148,705,1323.0,2643.0
m,81.0,O,229,142,636,1108.0,2623.0
m,81.0,E,158,135,583,1760.0,2497.0
m,81.0,e,255,155,477,2073.0,2617.0
m,81.0,3',206,142,451,1314.0,1731.0
m,81.0,I,142,133,427,2140.0,2626.0
m,81.0,i,187,145,308,2190.0,2819.0
m,81.0,o,209,136,548,1067.0,2480.0
m,81.0,U,153,146,436,1154.0,2300.0
m,81.0,V,155,141,602,1176.0,2495.0
m,81.0,u,195,153,377,1063.0,2238.0
m,82.0,{,311,153,605,2002.0,2666.0
m,82.0,A,287,139,963,1524.0,2552.0
m,82.0,O,196,124,670,919.0,2241.0
m,82.0,E,201,150,641,1814.0,2642.0
m,82.0,e,286,151,440,2245.0,3044.0
m,82.0,3',260,138,467,1432.0,1742.0
m,82.0,I,168,149,440,2082.0,2767.0
m,82.0,i,235,184,373,2207.0,3191.0
m,82.0,o,252,151,444,815.0,2375.0
m,82.0,U,196,151,498,1048.0,2391.0
m,82.0,V,193,149,608,1167.0,2523.0
m,82.0,u,250,192,387,967.0,2257.0
m,83.0,{,273,140,597,1989.0,2677.0
m,83.0,A,254,126,711,1428.0,2413.0
m,83.0,O,281,131,631,1167.0,2344.0
m,83.0,E,204,138,623,1937.0,2643.0
m,83.0,e,230,142,502,2025.0,2642.0
m,83.0,3',266,127,505,1447.0,1823.0
m,83.0,I,194,145,431,2071.0,2671.0
m,83.0,i,231,154,343,2502.0,3035.0
m,83.0,o,256,134,522,911.0,2461.0
m,83.0,U,168,142,435,1263.0,2559.0
m,83.0,V,201,138,612,1317.0,2608.0
m,83.0,u,205,151,316,893.0,2385.0
m,84.0,{,230,139,561,1772.0,2597.0
m,84.0,A,213,138,712,1325.0,2624.0
m,84.0,O,249,134,687,1062.0,2524.0
m,84.0,E,188,137,562,1591.0,2556.0
m,84.0,e,217,139,501,1944.0,2643.0
m,84.0,3',214,150,461,1297.0,1586.0
m,84.0,I,185,143,437,1915.0,2687.0
m,84.0,i,221,141,394,2300.0,2827.0
m,84.0,o,229,143,554,1005.0,2369.0
m,84.0,U,176,151,468,1064.0,2383.0
m,84.0,V,181,144,628,1172.0,2626.0
m,84.0,u,200,154,437,1085.0,2305.0
m,85.0,{,334,128,615,1885.0,2709.0
m,85.0,A,292,140,821,1283.0,2498.0
m,85.0,O,328,131,684,1000.0,2576.0
m,85.0,E,207,161,622,1799.0,2726.0
m,85.0,e,319,138,549,1921.0,2686.0
m,85.0,3',326,143,557,1344.0,1610.0
m,85.0,I,191,162,474,1956.0,2762.0
m,85.0,i,286,157,373,2214.0,3134.0
m,85.0,o,289,140,528,792.0,2481.0
m,85.0,U,227,128,510,1238.0,2250.0
m,85.0,V,242,128,631,1241.0,2276.0
m,85.0,u,256,154,435,1070.0,2416.0
m,86.0,{,276,98,577,1952.0,2588.0
m,86.0,A,286,101,822,1315.0,2708.0
m,86.0,O,301,100,684,1001.0,2833.0
m,86.0,E,200,98,561,1786.0,2603.0
m,86.0,e,269,101,497,2083.0,2628.0
m,86.0,3',252,105,491,1300.0,1744.0
m,86.0,I,204,111,433,2012.0,2708.0
m,86.0,i,291,100,312,2307.0,2834.0
m,86.0,o,282,106,555,1019.0,2611.0
m,86.0,U,220,112,409,965.0,2490.0
m,86.0,V,208,107,650,1154.0,2640.0
m,86.0,u,219,113,365,999.0,2270.0
m,87.0,{,283,187,629,2436.0,3022.0
m,87.0,A,285,180,753,1200.0,2677.0
m,87.0,O,293,184,704,1052.0,2749.0
m,87.0,E,200,187,723,2208.0,3057.0
m,87.0,e,255,181,537,2493.0,3151.0
m,87.0,3',255,196,486,1372.0,1797.0
m,87.0,I,224,196,432,2494.0,3137.0
m,87.0,i,234,216,420,2600.0,3256.0
m,87.0,o,247,181,552,924.0,2565.0
m,87.0,U,186,195,497,1107.0,2501.0
m,87.0,V,194,180,670,1061.0,2703.0
m,87.0,u,245,224,437,871.0,2393.0
m,88.0,{,292,129,511,1811.0,2529.0
m,88.0,A,301,120,662,1183.0,2374.0
m,88.0,O,300,121,591,974.0,2325.0
m,88.0,E,209,127,534,1608.0,2509.0
m,88.0,e,282,123,482,1804.0,2551.0
m,88.0,3',259,133,443,1262.0,1538.0
m,88.0,I,244,131,396,1810.0,2504.0
m,88.0,i,228,159,315,2052.0,3005.0
m,88.0,o,293,143,473,820.0,2308.0
m,88.0,U,219,141,465,1087.0,2217.0
m,88.0,V,198,124,566,1040.0,2476.0
m,88.0,u,250,147,413,1193.0,2164.0
m,89.0,{,245,119,590,1830.0,2512.0
m,89.0,A,207,122,682,1259.0,2618.0
m,89.0,O,242,118,611,1067.0,2491.0
m,89.0,E,198,124,574,1813.0,2476.0
m,89.0,e,247,120,501,2042.0,2617.0
m,89.0,3',248,116,489,1493.0,1836.0
m,89.0,I,182,137,429,1962.0,2554.0
m,89.0,i,216,130,366,2504.0,2959.0
m,89.0,o,232,133,499,927.0,2493.0
m,89.0,U,167,136,441,1181.0,2326.0
m,89.0,V,188,119,600,1182.0,2471.0
m,89.0,u,212,132,378,893.0,2455.0
m,90.0,{,266,123,622,1957.0,2841.0
m,90.0,A,270,124,818,1315.0,2697.0
m,90.0,O,293,121,643,931.0,2630.0
m,90.0,E,172,114,557,1996.0,2876.0
m,90.0,e,229,138,441,2348.0,2935.0
m,90.0,3',238,156,444,1377.0,1543.0
m,90.0,I,177,136,416,2296.0,2995.0
m,90.0,i,246,133,370,2536.0,3332.0
m,90.0,o,188,136,495,938.0,2519.0
m,90.0,U,178,164,456,1002.0,2518.0
m,90.0,V,166,138,618,1228.0,2718.0
m,90.0,u,125,171,374,887.0,2478.0
m,91.0,{,289,116,565,2055.0,2575.0
m,91.0,A,250,110,710,1483.0,2575.0
m,91.0,O,277,109,679,1102.0,2424.0
m,91.0,E,178,115,565,1952.0,2619.0
m,91.0,e,256,109,492,2108.0,2974.0
m,91.0,3',258,123,516,1399.0,1756.0
m,91.0,I,198,130,441,2068.0,2594.0
m,91.0,i,228,114,354,2375.0,3150.0
m,91.0,o,251,119,601,1045.0,2396.0
m,91.0,U,205,120,495,1106.0,2444.0
m,91.0,V,176,119,622,1163.0,2370.0
m,91.0,u,222,130,389,1033.0,2375.0
w,92.0,{,305,225,678,2293.0,2861.0
w,92.0,A,265,211,1012,1603.0,2767.0
w,92.0,O,305,218,815,1200.0,2783.0
w,92.0,E,217,228,734,1893.0,2820.0
w,92.0,e,239,227,539,2476.0,2868.0
w,92.0,3',300,224,470,1437.0,1672.0
w,92.0,I,176,246,496,2260.0,3027.0
w,92.0,i,232,234,441,2806.0,3260.0
w,92.0,o,302,234,557,1135.0,2961.0
w,92.0,U,238,228,489,1357.0,2937.0
w,92.0,V,246,222,803,1501.0,2989.0
w,92.0,u,281,260,503,1068.0,2810.0
w,93.0,{,486,214,624,2442.0,3091.0
w,93.0,A,443,209,883,1682.0,2962.0
w,93.0,O,464,211,760,1225.0,2796.0
w,93.0,E,432,197,740,2186.0,3086.0
w,93.0,e,453,220,477,2704.0,3102.0
w,93.0,3',418,218,500,1441.0,1914.0
w,93.0,I,356,219,446,2444.0,2956.0
w,93.0,i,380,222,435,2890.0,3667.0
w,93.0,o,422,212,432,1013.0,2690.0
w,93.0,U,390,225,503,1332.0,2903.0
w,93.0,V,345,226,788,1547.0,2917.0
w,93.0,u,409,218,435,1384.0,2804.0
w,94.0,{,293,192,666,2370.0,2814.0
w,94.0,A,257,192,1025,1548.0,2748.0
w,94.0,O,326,186,772,1051.0,2870.0
w,94.0,E,202,218,707,2110.0,3028.0
w,94.0,e,263,208,672,2457.0,3190.0
w,94.0,3',278,182,523,1413.0,1932.0
w,94.0,I,197,188,486,2332.0,2925.0
w,94.0,i,289,192,380,2703.0,3087.0
w,94.0,o,274,176,624,1130.0,2881.0
w,94.0,U,265,215,494,1102.0,2863.0
w,94.0,V,206,182,789,1291.0,2877.0
w,94.0,u,271,211,431,788.0,2717.0
w,95.0,{,353,233,743,2230.0,3055.0
w,95.0,A,350,216,804,1484.0,2789.0
w,95.0,O,379,203,770,1245.0,2811.0
w,95.0,E,315,216,693,1991.0,3121.0
w,95.0,e,437,226,601,2577.0,3091.0
w,95.0,3',350,216,619,1716.0,2138.0
w,95.0,I,356,224,502,2391.0,3071.0
w,95.0,i,364,215,428,2767.0,3627.0
w,95.0,o,410,225,627,1314.0,2911.0
w,95.0,U,279,222,509,1323.0,3122.0
w,95.0,V,331,216,731,1552.0,3111.0
w,95.0,u,430,216,436,1415.0,2843.0
w,96.0,{,338,223,677,2320.0,2987.0
w,96.0,A,365,226,935,1377.0,2598.0
w,96.0,O,363,231,923,1368.0,2503.0
w,96.0,E,260,233,743,1981.0,2868.0
w,96.0,e,302,241,487,2600.0,3130.0
w,96.0,3',317,242,494,1485.0,1863.0
w,96.0,I,266,238,497,2379.0,3074.0
w,96.0,i,305,249,346,2703.0,3510.0
w,96.0,o,376,224,443,879.0,2532.0
w,96.0,U,269,244,506,1188.0,2485.0
w,96.0,V,290,224,693,1381.0,2560.0
w,96.0,u,328,223,455,994.0,2612.0
w,97.0,{,362,223,627,2266.0,2875.0
w,97.0,A,329,211,804,1363.0,2803.0
w,97.0,O,363,212,778,1220.0,2677.0
w,97.0,E,280,211,712,1881.0,2777.0
w,97.0,e,318,214,492,2437.0,3001.0
w,97.0,3',342,225,527,1636.0,1974.0
w,97.0,I,266,216,531,2174.0,2984.0
w,97.0,i,332,221,439,2676.0,3291.0
w,97.0,o,353,203,580,995.0,2637.0
w,97.0,U,283,207,483,987.0,2679.0
w,97.0,V,233,226,795,1362.0,2671.0
w,97.0,u,311,219,437,1113.0,2676.0
w,98.0,{,313,176,690,2327.0,2771.0
w,98.0,A,306,173,939,1233.0,2564.0
w,98.0,O,314,167,809,1097.0,2646.0
w,98.0,E,238,198,734,2141.0,2746.0
w,98.0,e,330,186,553,2458.0,2788.0
w,98.0,3',320,174,518,1604.0,1912.0
w,98.0,I,285,192,535,2380.0,2930.0
w,98.0,i,281,200,394,2689.0,3058.0
w,98.0,o,262,196,621,1025.0,2704.0
w,98.0,U,227,182,563,1233.0,2758.0
w,98.0,V,209,189,854,1401.0,2756.0
w,98.0,u,384,211,384,1084.0,2929.0
w,99.0,{,284,238,658,2650.0,3471.0
w,99.0,A,317,243,827,1701.0,3056.0
w,99.0,O,320,242,815,1426.0,2990.0
w,99.0,E,199,244,732,2189.0,3366.0
w,99.0,e,274,238,496,2665.0,3173.0
w,99.0,3',272,250,516,1983.0,2093.0
w,99.0,I,180,247,498,2654.0,3391.0
w,99.0,i,297,264,493,2967.0,3496.0
w,99.0,o,304,253,506,1257.0,2957.0
w,99.0,U,210,254,546,1534.0,2880.0
w,99.0,V,207,243,716,1634.0,3119.0
w,99.0,u,287,258,503,1514.0,2816.0
w,100.0,{,253,251,685,2299.0,2930.0
w,100.0,A,282,240,913,1436.0,2589.0
w,100.0,O,309,241,890,1063.0,2523.0
w,100.0,E,233,246,710,2138.0,2818.0
w,100.0,e,222,265,505,2777.0,3044.0
w,100.0,3',261,248,503,1480.0,1735.0
w,100.0,I,218,253,500,2272.0,3028.0
w,100.0,i,246,266,442,2850.0,3157.0
w,100.0,o,257,252,538,998.0,2796.0
w,100.0,U,209,247,500,1200.0,2783.0
w,100.0,V,193,236,809,1391.0,2927.0
w,100.0,u,265,265,504,1096.0,2665.0
w,101.0,{,356,227,621,2249.0,2873.0
w,101.0,A,367,223,856,1540.0,2667.0
w,101.0,O,416,225,771,1170.0,2760.0
w,101.0,E,271,227,704,2023.0,2927.0
w,101.0,e,347,220,455,2433.0,3023.0
w,101.0,3',342,230,495,1596.0,1973.0
w,101.0,I,249,227,471,2277.0,2884.0
w,101.0,i,324,239,477,2866.0,3236.0
w,101.0,o,363,219,453,980.0,2854.0
w,101.0,U,253,231,491,1179.0,2636.0
w,101.0,V,256,217,680,1499.0,2885.0
w,101.0,u,351,238,473,1113.0,2626.0
w,102.0,{,385,188,868,2004.0,2797.0
w,102.0,A,380,191,882,1380.0,2834.0
w,102.0,O,380,197,755,1114.0,2766.0
w,102.0,E,317,195,766,1922.0,2908.0
w,102.0,e,413,214,574,2316.0,2854.0
w,102.0,3',389,195,567,1496.0,1803.0
w,102.0,I,320,207,453,2427.0,2932.0
w,102.0,i,433,203,408,2627.0,3064.0
w,102.0,o,372,196,597,1150.0,2751.0
w,102.0,U,332,200,575,1619.0,2737.0
w,102.0,V,266,205,773,1614.0,2813.0
w,102.0,u,377,232,461,1627.0,2761.0
w,103.0,{,355,229,682,2486.0,3207.0
w,103.0,A,343,216,887,1743.0,2557.0
w,103.0,O,397,227,930,1422.0,2489.0
w,103.0,E,234,210,673,2389.0,2989.0
w,103.0,e,329,238,502,2674.0,3394.0
w,103.0,3',348,219,501,1555.0,1938.0
w,103.0,I,246,237,489,2603.0,3353.0
w,103.0,i,359,223,435,2868.0,3625.0
w,103.0,o,319,233,688,1185.0,2748.0
w,103.0,U,289,225,502,1322.0,2951.0
w,103.0,V,248,241,817,1604.0,2649.0
w,103.0,u,300,242,477,998.0,2690.0
w,104.0,{,315,237,668,2252.0,2790.0
w,104.0,A,329,226,869,1495.0,2731.0
w,104.0,O,363,234,697,1142.0,2507.0
w,104.0,E,231,214,651,2157.0,2794.0
w,104.0,e,318,236,647,2539.0,2879.0
w,104.0,3',275,244,531,1688.0,1971.0
w,104.0,I,219,233,555,2216.0,2812.0
w,104.0,i,336,229,438,2813.0,3532.0
w,104.0,o,315,236,631,1181.0,2458.0
w,104.0,U,227,240,552,1193.0,2559.0
w,104.0,V,221,235,739,1320.0,2596.0
w,104.0,u,298,231,445,1136.0,2692.0
w,105.0,{,272,214,726,2350.0,2996.0
w,105.0,A,275,211,994,1609.0,2930.0
w,105.0,O,266,223,748,1063.0,2876.0
w,105.0,E,241,226,817,2242.0,3139.0
w,105.0,e,230,206,596,2478.0,2924.0
w,105.0,3',267,225,506,1604.0,1915.0
w,105.0,I,209,221,491,2316.0,2934.0
w,105.0,i,261,225,440,2706.0,3404.0
w,105.0,o,264,216,636,1041.0,2862.0
w,105.0,U,227,224,499,1103.0,2900.0
w,105.0,V,206,220,742,1352.0,2960.0
w,105.0,u,241,239,483,1117.0,2707.0
w,106.0,{,400,226,620,2316.0,2849.0
w,106.0,A,340,226,955,1615.0,2678.0
w,106.0,O,394,229,827,1189.0,2633.0
w,106.0,E,217,222,684,1992.0,2951.0
w,106.0,e,325,244,500,2482.0,3060.0
w,106.0,3',355,234,484,1652.0,1928.0
w,106.0,I,218,234,485,2129.0,2967.0
w,106.0,i,321,259,455,2797.0,3129.0
w,106.0,o,357,226,449,924.0,2694.0
w,106.0,U,240,248,501,1189.0,2647.0
w,106.0,V,288,226,700,1338.0,2750.0
w,106.0,u,298,262,466,778.0,2699.0
w,107.0,{,356,202,634,2596.0,3255.0
w,107.0,A,305,189,1085,1687.0,2870.0
w,107.0,O,342,201,847,1192.0,2999.0
w,107.0,E,253,197,756,2008.0,3089.0
w,107.0,e,336,207,617,2697.0,3154.0
w,107.0,3',295,219,597,1588.0,1905.0
w,107.0,I,290,214,457,2590.0,3232.0
w,107.0,i,278,227,443,2944.0,3546.0
w,107.0,o,346,209,612,1026.0,2896.0
w,107.0,U,273,219,562,1109.0,2904.0
w,107.0,V,250,198,824,1459.0,2924.0
w,107.0,u,268,225,440,1122.0,2856.0
w,108.0,{,323,212,672,2145.0,2764.0
w,108.0,A,267,205,937,1623.0,2844.0
w,108.0,O,341,211,794,1185.0,2896.0
w,108.0,E,188,216,750,1935.0,2930.0
w,108.0,e,261,210,558,2505.0,2855.0
w,108.0,3',308,212,491,1506.0,1727.0
w,108.0,I,203,221,474,2362.0,2830.0
w,108.0,i,240,210,429,2698.0,3509.0
w,108.0,o,298,206,616,1034.0,2785.0
w,108.0,U,202,232,492,1161.0,2766.0
w,108.0,V,183,212,705,1166.0,2890.0
w,108.0,u,266,216,436,911.0,2724.0
w,109.0,{,363,237,698,2339.0,3075.0
w,109.0,A,316,239,918,1640.0,2801.0
w,109.0,O,327,241,848,1175.0,2892.0
w,109.0,E,317,238,706,1986.0,3228.0
w,109.0,e,334,244,572,2428.0,3120.0
w,109.0,3',319,246,524,1547.0,2066.0
w,109.0,I,256,252,501,2355.0,3161.0
w,109.0,i,302,247,492,2695.0,3371.0
w,109.0,o,340,241,631,1185.0,2942.0
w,109.0,U,332,249,505,1404.0,2774.0
w,109.0,V,286,235,839,1555.0,3003.0
w,109.0,u,293,257,506,1030.0,2575.0
w,110.0,{,307,187,586,2299.0,2748.0
w,110.0,A,365,193,818,1351.0,2933.0
w,110.0,O,344,185,713,1132.0,2948.0
w,110.0,E,263,173,717,2256.0,2896.0
w,110.0,e,305,203,574,2360.0,2686.0
w,110.0,3',325,175,508,1562.0,1914.0
w,110.0,I,240,213,449,2173.0,2840.0
w,110.0,i,287,195,382,2563.0,3477.0
w,110.0,o,317,174,504,1047.0,2749.0
w,110.0,U,301,233,500,1095.0,2804.0
w,110.0,V,249,216,642,1338.0,2938.0
w,110.0,u,283,171,360,1034.0,2731.0
w,111.0,{,382,217,616,2156.0,2865.0
w,111.0,A,402,216,769,1451.0,2898.0
w,111.0,O,465,226,698,1127.0,2886.0
w,111.0,E,281,233,727,1871.0,2902.0
w,111.0,e,346,238,498,2218.0,2894.0
w,111.0,3',370,224,469,1499.0,1873.0
w,111.0,I,345,233,458,2143.0,2986.0
w,111.0,i,353,223,434,2512.0,2998.0
w,111.0,o,374,234,469,934.0,2571.0
w,111.0,U,370,242,496,1169.0,2654.0
w,111.0,V,330,221,701,1318.0,2881.0
w,111.0,u,378,247,491,1260.0,2502.0
w,112.0,{,338,186,576,2429.0,3101.0
w,112.0,A,350,178,1008,1495.0,3018.0
w,112.0,O,318,191,736,1120.0,3055.0
w,112.0,E,239,180,584,2175.0,2930.0
w,112.0,e,269,166,511,2574.0,3085.0
w,112.0,3',279,173,505,1568.0,1845.0
w,112.0,I,171,187,440,2394.0,3136.0
w,112.0,i,304,214,435,2621.0,3116.0
w,112.0,o,334,181,578,1061.0,2882.0
w,112.0,U,270,203,458,1042.0,3007.0
w,112.0,V,209,188,777,1397.0,3033.0
w,112.0,u,310,199,391,971.0,2945.0
w,113.0,{,365,213,674,2256.0,2818.0
w,113.0,A,329,207,905,1514.0,2848.0
w,113.0,O,362,209,835,1326.0,2667.0
w,113.0,E,294,210,762,1902.0,2887.0
w,113.0,e,342,211,513,2435.0,2939.0
w,113.0,3',345,212,508,1687.0,1913.0
w,113.0,I,227,218,535,2134.0,2929.0
w,113.0,i,307,219,433,2634.0,3307.0
w,113.0,o,345,201,560,987.0,2311.0
w,113.0,U,208,231,617,1373.0,2579.0
w,113.0,V,220,211,686,1477.0,2698.0
w,113.0,u,363,210,431,1003.0,2366.0
w,114.0,{,331,248,738,2378.0,3305.0
w,114.0,A,303,259,1063,1680.0,2785.0
w,114.0,O,366,247,907,1527.0,3075.0
w,114.0,E,231,251,981,2075.0,3215.0
w,114.0,e,349,263,617,2668.0,3319.0
w,114.0,3',327,262,538,1813.0,2236.0
w,114.0,I,258,256,516,2567.0,3485.0
w,114.0,i,334,272,531,2996.0,3831.0
w,114.0,o,362,242,508,991.0,3121.0
w,114.0,U,245,262,559,1246.0,3127.0
w,114.0,V,250,239,769,1382.0,3035.0
w,114.0,u,327,268,525,1065.0,2942.0
w,115.0,{,461,220,646,2406.0,3283.0
w,115.0,A,430,212,1053,1677.0,2868.0
w,115.0,O,414,205,811,1254.0,2824.0
w,115.0,E,386,211,794,2046.0,3082.0
w,115.0,e,399,212,610,2598.0,3323.0
w,115.0,3',403,215,617,1565.0,1930.0
w,115.0,I,302,222,552,2453.0,3346.0
w,115.0,i,346,237,467,3009.0,3562.0
w,115.0,o,443,213,658,1045.0,2928.0
w,115.0,U,331,228,509,1244.0,2980.0
w,115.0,V,309,217,815,1427.0,3002.0
w,115.0,u,382,226,448,1369.0,2921.0
w,116.0,{,346,168,746,1944.0,2927.0
w,116.0,A,333,170,798,1351.0,2851.0
w,116.0,O,378,180,656,1075.0,2684.0
w,116.0,E,183,195,620,2071.0,2933.0
w,116.0,e,420,171,485,2423.0,2912.0
w,116.0,3',340,184,522,1490.0,2094.0
w,116.0,I,209,223,455,2304.0,2999.0
w,116.0,i,336,177,375,2577.0,3276.0
w,116.0,o,378,167,498,970.0,2876.0
w,116.0,U,171,195,490,1122.0,2824.0
w,116.0,V,187,195,678,1397.0,2861.0
w,116.0,u,333,230,445,881.0,2580.0
w,117.0,{,272,246,734,2518.0,3176.0
w,117.0,A,284,250,869,1751.0,2762.0
w,117.0,O,284,244,890,1292.0,2801.0
w,117.0,E,236,244,741,1997.0,2567.0
w,117.0,e,284,243,578,2474.0,3055.0
w,117.0,3',242,257,507,1749.0,2028.0
w,117.0,I,197,251,515,2378.0,3063.0
w,117.0,i,250,252,497,2795.0,3266.0
w,117.0,o,265,243,582,946.0,2704.0
w,117.0,U,167,262,616,1331.0,2696.0
w,117.0,V,195,244,823,1419.0,3051.0
w,117.0,u,234,256,503,963.0,2776.0
w,118.0,{,260,225,662,2276.0,2955.0
w,118.0,A,217,235,863,1538.0,3038.0
w,118.0,O,262,217,860,1504.0,2834.0
w,118.0,E,177,223,693,2012.0,3003.0
w,118.0,e,231,234,507,2573.0,3121.0
w,118.0,3',223,238,514,1831.0,2192.0
w,118.0,I,167,238,504,2334.0,3063.0
w,118.0,i,222,246,495,2910.0,3548.0
w,118.0,o,225,240,613,1184.0,3063.0
w,118.0,U,181,242,521,1428.0,3156.0
w,118.0,V,194,231,700,1580.0,3018.0
w,118.0,u,182,261,508,1001.0,2763.0
w,119.0,{,333,238,696,2447.0,3122.0
w,119.0,A,303,248,938,1462.0,2825.0
w,119.0,O,327,212,740,1037.0,2736.0
w,119.0,E,193,203,597,2426.0,3018.0
w,119.0,e,280,246,504,2501.0,3050.0
w,119.0,3',311,264,580,1407.0,1837.0
w,119.0,I,219,260,544,2570.0,3135.0
w,119.0,i,284,275,508,2731.0,3669.0
w,119.0,o,285,274,636,981.0,2944.0
w,119.0,U,205,285,570,1117.0,2820.0
w,119.0,V,200,307,885,1580.0,3078.0
w,119.0,u,274,297,510,917.0,2757.0
w,120.0,{,310,238,687,2378.0,2913.0
w,120.0,A,293,232,957,1591.0,2733.0
w,120.0,O,319,233,867,1207.0,2746.0
w,120.0,E,221,244,886,2186.0,2956.0
w,120.0,e,313,245,494,2680.0,3156.0
w,120.0,3',332,246,557,1546.0,1929.0
w,120.0,I,208,250,501,2449.0,3185.0
w,120.0,i,306,233,452,2754.0,3511.0
w,120.0,o,313,230,636,1096.0,2684.0
w,120.0,U,216,254,532,1354.0,2810.0
w,120.0,V,208,235,835,1507.0,2834.0
w,120.0,u,274,268,502,1050.0,2695.0
w,121.0,{,364,205,645,2154.0,3139.0
w,121.0,A,315,202,827,1543.0,2980.0
w,121.0,O,384,194,776,1324.0,2852.0
w,121.0,E,248,214,588,2130.0,2870.0
w,121.0,e,338,212,487,2408.0,3094.0
w,121.0,3',335,184,555,1491.0,1998.0
w,121.0,I,261,206,431,2190.0,3060.0
w,121.0,i,316,237,461,2359.0,3218.0
w,121.0,o,363,203,584,936.0,2985.0
w,121.0,U,245,228,482,1124.0,2704.0
w,121.0,V,199,216,756,1531.0,2871.0
w,121.0,u,277,237,488,1119.0,2702.0
w,122.0,{,239,208,626,2374.0,2836.0
w,122.0,A,240,213,708,1547.0,2426.0
w,122.0,O,287,226,699,1104.0,2513.0
w,122.0,E,191,189,755,1762.0,2646.0
w,122.0,e,277,215,547,2262.0,2708.0
w,122.0,3',272,212,588,1509.0,1783.0
w,122.0,I,213,215,478,2157.0,2793.0
w,122.0,i,261,216,433,2720.0,3035.0
w,122.0,o,239,217,499,1046.0,2697.0
w,122.0,U,183,205,541,1183.0,2780.0
w,122.0,V,224,209,685,1100.0,2510.0
w,122.0,u,242,238,477,1184.0,2610.0
w,123.0,{,261,235,689,2701.0,3490.0
w,123.0,A,283,241,1163,1685.0,3250.0
w,123.0,O,328,241,906,1386.0,3066.0
w,123.0,E,194,236,885,2322.0,3652.0
w,123.0,e,296,247,500,2889.0,3452.0
w,123.0,3',345,252,549,1749.0,2209.0
w,123.0,I,227,252,556,2541.0,3684.0
w,123.0,i,257,268,505,2982.0,3741.0
w,123.0,o,277,247,504,990.0,3324.0
w,123.0,U,187,244,615,1375.0,3295.0
w,123.0,V,193,244,828,1454.0,3287.0
w,123.0,u,291,272,504,1068.0,3121.0
w,124.0,{,277,218,557,2586.0,3202.0
w,124.0,A,247,211,1011,1541.0,2803.0
w,124.0,O,253,210,814,1144.0,2729.0
w,124.0,E,179,214,804,1998.0,2775.0
w,124.0,e,267,211,433,2773.0,3297.0
w,124.0,3',240,214,461,1534.0,1878.0
w,124.0,I,175,231,486,2454.0,3106.0
w,124.0,i,236,220,434,2854.0,3614.0
w,124.0,o,254,219,453,880.0,2924.0
w,124.0,U,187,232,579,1392.0,2760.0
w,124.0,V,164,222,764,1359.0,2875.0
w,124.0,u,244,242,483,938.0,2835.0
w,125.0,{,328,211,668,2296.0,2711.0
w,125.0,A,310,201,1035,1486.0,2865.0
w,125.0,O,331,207,801,1187.0,2935.0
w,125.0,E,223,202,718,2005.0,2906.0
w,125.0,e,314,215,591,2562.0,3156.0
w,125.0,3',300,218,537,1509.0,1682.0
w,125.0,I,176,218,442,2472.0,3010.0
w,125.0,i,276,215,426,2775.0,3535.0
w,125.0,o,309,210,641,1195.0,2890.0
w,125.0,U,203,236,552,1364.0,2809.0
w,125.0,V,215,207,729,1435.0,3109.0
w,125.0,u,294,232,448,1463.0,2693.0
w,126.0,{,413,200,746,2371.0,2984.0
w,126.0,A,455,208,952,1676.0,2862.0
w,126.0,O,422,213,822,1177.0,2950.0
w,126.0,E,368,205,773,2042.0,3009.0
w,126.0,e,402,211,596,2314.0,3113.0
w,126.0,3',438,206,492,1635.0,1871.0
w,126.0,I,353,225,486,2253.0,3212.0
w,126.0,i,324,220,424,2692.0,3336.0
w,126.0,o,340,217,620,1057.0,2833.0
w,126.0,U,328,214,449,1396.0,2702.0
w,126.0,V,365,206,761,1380.0,3042.0
w,126.0,u,405,219,438,1711.0,2636.0
w,127.0,{,405,192,893,2070.0,3024.0
w,127.0,A,419,175,810,1314.0,3236.0
w,127.0,O,413,196,851,1105.0,3249.0
w,127.0,E,343,191,694,2160.0,3144.0
w,127.0,e,367,193,500,2622.0,3305.0
w,127.0,3',371,198,455,1769.0,2070.0
w,127.0,I,363,201,440,2453.0,3123.0
w,127.0,i,396,201,380,2816.0,3312.0
w,127.0,o,406,195,563,1198.0,3046.0
w,127.0,U,333,228,464,1169.0,2985.0
w,127.0,V,325,206,809,1468.0,3153.0
w,127.0,u,406,220,437,1178.0,2852.0
w,128.0,{,294,219,665,2408.0,3034.0
w,128.0,A,336,217,993,1671.0,2751.0
w,128.0,O,327,219,825,1213.0,2751.0
w,128.0,E,268,210,680,2068.0,3072.0
w,128.0,e,310,224,645,2554.0,3047.0
w,128.0,3',303,230,656,1614.0,2008.0
w,128.0,I,239,231,477,2554.0,3296.0
w,128.0,i,276,223,439,2927.0,3283.0
w,128.0,o,296,221,632,1108.0,2869.0
w,128.0,U,251,258,552,1214.0,2882.0
w,128.0,V,214,228,818,1516.0,2970.0
w,128.0,u,277,260,504,1041.0,2838.0
w,129.0,{,365,192,564,2442.0,2880.0
w,129.0,A,338,212,931,1348.0,2698.0
w,129.0,O,369,211,752,1101.0,2616.0
w,129.0,E,259,193,694,2052.0,2838.0
w,129.0,e,344,198,434,2568.0,3053.0
w,129.0,3',340,189,509,1365.0,1884.0
w,129.0,I,247,216,436,2559.0,3104.0
w,129.0,i,338,210,430,2606.0,3280.0
w,129.0,o,353,204,430,820.0,2783.0
w,129.0,U,236,187,486,1088.0,2663.0
w,129.0,V,233,198,710,1293.0,2623.0
w,129.0,u,266,215,429,827.0,2719.0
w,130.0,{,301,197,714,2254.0,2625.0
w,130.0,A,297,198,822,1371.0,3130.0
w,130.0,O,303,200,765,997.0,3477.0
w,130.0,E,237,185,726,2123.0,2959.0
w,130.0,e,296,202,543,2399.0,2775.0
w,130.0,3',304,207,584,1486.0,1783.0
w,130.0,I,227,205,501,2292.0,2863.0
w,130.0,i,271,198,383,2733.0,3326.0
w,130.0,o,305,207,438,812.0,3068.0
w,130.0,U,233,205,516,1019.0,2890.0
w,130.0,V,233,194,755,1427.0,2965.0
w,130.0,u,296,223,438,1078.0,2774.0
w,131.0,{,301,216,625,2594.0,3146.0
w,131.0,A,298,200,875,1491.0,2979.0
w,131.0,O,332,198,957,1183.0,3066.0
w,131.0,E,203,217,714,2255.0,2941.0
w,131.0,e,298,214,555,2766.0,3181.0
w,131.0,3',262,208,491,1655.0,2062.0
w,131.0,I,200,219,443,2644.0,3306.0
w,131.0,i,263,229,438,2964.0,3632.0
w,131.0,o,288,226,450,889.0,2904.0
w,131.0,U,217,226,444,1081.0,3049.0
w,131.0,V,201,215,827,1416.0,3022.0
w,131.0,u,235,237,450,916.0,2959.0
w,132.0,{,312,222,552,2227.0,2978.0
w,132.0,A,268,226,884,1568.0,2819.0
w,132.0,O,387,237,799,1146.0,2770.0
w,132.0,E,250,209,623,1882.0,3007.0
w,132.0,e,343,232,484,2276.0,3151.0
w,132.0,3',331,240,482,1676.0,1942.0
w,132.0,I,170,236,489,2175.0,2990.0
w,132.0,i,376,250,427,2772.0,3762.0
w,132.0,o,318,219,444,987.0,2727.0
w,132.0,U,246,240,497,1440.0,2713.0
w,132.0,V,156,236,736,1300.0,2829.0
w,132.0,u,272,255,474,974.0,2540.0
w,133.0,{,353,230,685,2205.0,2813.0
w,133.0,A,340,212,938,1492.0,2673.0
w,133.0,O,390,222,715,963.0,2455.0
w,133.0,E,255,221,718,1952.0,2817.0
w,133.0,e,300,217,442,2464.0,3067.0
w,133.0,3',319,237,487,1434.0,1911.0
w,133.0,I,266,225,451,2247.0,2929.0
w,133.0,i,368,226,437,2555.0,3583.0
w,133.0,o,347,212,435,862.0,2516.0
w,133.0,U,242,224,499,1144.0,2511.0
w,133.0,V,251,214,678,1229.0,2590.0
w,133.0,u,346,254,430,954.0,2491.0
w,134.0,{,333,208,657,2192.0,2654.0
w,134.0,A,312,195,914,1383.0,2854.0
w,134.0,O,351,196,790,1044.0,2933.0
w,134.0,E,247,198,758,2091.0,2829.0
w,134.0,e,319,205,606,2438.0,2723.0
w,134.0,3',310,204,537,1638.0,1932.0
w,134.0,I,287,213,442,2316.0,2899.0
w,134.0,i,326,217,431,2522.0,3008.0
w,134.0,o,323,206,608,1007.0,2866.0
w,134.0,U,239,224,480,1108.0,2717.0
w,134.0,V,274,199,780,1380.0,2854.0
w,134.0,u,340,204,415,1001.0,2556.0
w,135.0,{,365,156,649,2508.0,3050.0
w,135.0,A,334,150,901,1509.0,2670.0
w,135.0,O,396,162,850,1182.0,2909.0
w,135.0,E,284,168,676,2196.0,3124.0
w,135.0,e,377,160,485,2619.0,3132.0
w,135.0,3',382,166,500,1637.0,1928.0
w,135.0,I,252,149,449,2492.0,3040.0
w,135.0,i,316,155,331,3049.0,3736.0
w,135.0,o,350,183,568,1112.0,2827.0
w,135.0,U,265,177,520,1421.0,2998.0
w,135.0,V,200,155,693,1277.0,2935.0
w,135.0,u,302,166,362,1351.0,2879.0
w,136.0,{,327,211,817,2102.0,2711.0
w,136.0,A,302,207,975,1534.0,2658.0
w,136.0,O,310,206,813,1117.0,2585.0
w,136.0,E,244,217,770,1866.0,2653.0
w,136.0,e,313,218,472,2616.0,2864.0
w,136.0,3',327,211,456,1615.0,1826.0
w,136.0,I,208,221,444,2237.0,2711.0
w,136.0,i,336,230,440,2757.0,3175.0
w,136.0,o,380,224,624,1109.0,2691.0
w,136.0,U,231,237,498,1162.0,2708.0
w,136.0,V,206,213,712,1499.0,2757.0
w,136.0,u,272,238,482,987.0,2781.0
w,137.0,{,310,210,626,2331.0,2826.0
w,137.0,A,346,218,796,1502.0,2810.0
w,137.0,O,355,221,736,1098.0,2821.0
w,137.0,E,244,213,683,1851.0,2877.0
w,137.0,e,309,224,546,2237.0,2864.0
w,137.0,3',346,231,604,1441.0,1835.0
w,137.0,I,209,238,498,2234.0,2876.0
w,137.0,i,279,255,489,2641.0,2952.0
w,137.0,o,282,237,522,923.0,2871.0
w,137.0,U,239,255,519,1051.0,2741.0
w,137.0,V,208,236,733,1378.0,2891.0
w,137.0,u,265,234,458,1163.0,2651.0
w,138.0,{,319,209,706,2400.0,2923.0
w,138.0,A,326,224,1145,1455.0,3272.0
w,138.0,O,318,219,677,1054.0,3278.0
w,138.0,E,221,222,709,2088.0,2670.0
w,138.0,e,305,214,439,2801.0,3084.0
w,138.0,3',301,176,513,1569.0,1869.0
w,138.0,I,216,225,463,2603.0,2991.0
w,138.0,i,290,243,419,2874.0,3367.0
w,138.0,o,315,206,444,803.0,3233.0
w,138.0,U,217,256,509,1049.0,3306.0
w,138.0,V,215,220,796,1271.0,3197.0
w,138.0,u,248,240,467,993.0,2802.0
w,139.0,{,357,209,751,2432.0,2896.0
w,139.0,A,357,234,968,1433.0,2850.0
w,139.0,O,361,246,995,1359.0,2941.0
w,139.0,E,270,219,817,1984.0,2973.0
w,139.0,e,361,252,664,2455.0,2915.0
w,139.0,3',356,224,503,1766.0,1956.0
w,139.0,I,245,239,499,2384.0,3091.0
w,139.0,i,314,231,437,2778.0,3139.0
w,139.0,o,361,239,720,1277.0,2812.0
w,139.0,U,273,236,553,1135.0,2859.0
w,139.0,V,262,213,811,1450.0,2938.0
w,139.0,u,308,265,491,1317.0,2680.0
