vowel,gender,f1,f2,f3
i,m,295.704,2262.16,2900.29
i,f,360.47,2835.55,3429.09
I,m,482.108,1867.08,2525.9
I,f,530.425,2249.99,3012.66
e,m,507.796,1966.37,2579.4
e,f,568.283,2484.41,3091.12
E,m,595.952,1716.71,2466.86
E,f,748.352,2017.85,2994.76
{,m,755.219,1576.02,2441.5
{,f,988.863,1827.11,2869.0
A,m,685.159,1110.03,2445.44
A,f,893.584,1351.89,2764.65
V,m,632.386,1275.35,2440.33
V,f,773.549,1479.87,2770.48
o,m,519.63,1014.96,2354.11
o,f,634.298,1262.63,2870.03
U,m,508.353,1150.87,2392.38
U,f,570.425,1321.63,2923.49
u,m,365.633,1223.43,2279.47
u,f,410.701,1524.72,2765.96
